l_spanish:
 #SOVIET UNION
 SOV_iosif_stalin: "Iosif Stalin"
 SOV_konstantin_rodzayevsky: "Konstantin Rodzayevsky"
 SOV_aleksandr_kerensky: "Aleksandr Kerensky"
 SOV_supreme_soviet: "Soviet Supremo"
 SOV_provisional_government: "Gobierno Provisional"
 SOV_georgy_zhukov: "Georgy Zhukov"
 SOV_konstantin_rokossovsky: "Konstantin Rokossovsky"
 SOV_aleksandr_vasilevsky: "Aleksandr Vasilevsky"
 SOV_boris_shaposhnikov: "Boris Shaposhnikov"
 SOV_nikolay_vatutin: "Nikolay Vatutin"
 SOV_ivan_konev: "Ivan Konev"
 SOV_semyon_timoshenko: "Semyon Timoshenko"
 SOV_kliment_voroshilov: "Kliment Voroshilov"
 SOV_mikhail_tukhachevsky: "Mikhail Tukhachevsky"
 SOV_semyon_budyonny: "Semyon Budyonny"
 SOV_ivan_chernyakhovsky: "Ivan Chernyakhovsky"
 SOV_issa_pliyev: "Issa Pliyev"
 SOV_leonid_govorov: "Leonid Govorov"
 SOV_grigory_kulik: "Grigory Kulik"
 SOV_kirill_meretskov: "Kirill Meretskov"
 SOV_filipp_golikov: "Filipp Golikov"
 SOV_andrey_yeryomenko: "Andrey Yeryomenko"
 SOV_georgy_zakharov: "Georgy Zakharov"
 SOV_yakov_cherevichenko: "Yakov Cherevichenko"
 SOV_maks_reyter: "Maks Reyter"
 SOV_nikandr_chibisov: "Nikandr Chibisov"
 SOV_vasily_kuznetsov: "Vasily Kuznetsov"
 SOV_andrey_vlasov: "Andrey Vlasov"
 SOV_ivan_fedyuninsky: "Ivan Fedyuninsky"
 SOV_maksim_purkayev: "Maksim Purkayev"
 SOV_kuzma_galitsky: "Kuzma Galitsky"
 SOV_markian_popov: "Markian Popov"
 SOV_nikolay_berzarin: "Nikolái Berzarín"
 SOV_aleksandr_gorbatov: "Alexander Gorbatov"
 SOV_kirill_moskalenko: "Kirill Moskalenko"
 SOV_dmitry_lelyushenko: "Dmitry Lelyushenko"
 SOV_andrey_grechko: "Andrey Grechko"
 SOV_rodion_malinovsky: "Rodion Malinovsky"
 SOV_vasily_chuykov: "Vasili Chuikov"
 SOV_filipp_oktyabrsky: "Filipp Oktiabrski"
 SOV_sergey_gorshkov: "Sergey Gorshkov"
 SOV_gordey_levchenko: "Gordey Levchenko"
 SOV_arseny_golovko: "Arseny Golovko"
 SOV_vladimir_kasatonov: "Vladimir Kasatonov"
 SOV_stepan_krasovsky: "Stepan Krasovsky"
 SOV_vladimir_tributs: "Vladimir Tributs"
 SOV_sergey_khudyakov: "Sergey Khudyakov"
 SOV_konstantin_vershinin: "Konstantin Vershinin"
 SOV_sergey_rudenko: "Sergey Rudenko"
 SOV_ivan_yumashev: "Ivan Yumashev"
 SOV_nikolay_kuznetsov: "Nikolay Kuznetsov"
 SOV_yakov_smushkevich: "Yakov Smushkevich"
 SOV_pavel_rychagov: "Pavel Rychagov"
 SOV_aleksandr_golovanov: "Aleksandr Golovánov"
 SOV_mikhail_frinovsky: "Mikhail Frinovsky"
 SOV_igor_kurchatov: "Igor Kurchatov"
 SOV_sergey_korolyov: "Serguéi Koroliov"
 SOV_pavel_zhigarev: "Pavel Zhigarev"
 SOV_pyotr_smirnov: "Pyotr Smirnov"
 SOV_aleksandr_yegorov: "Aleksandr Yegorov"
 SOV_vasily_blyukher: "Vasily Blyukher"
 SOV_aleksandr_novikov: "Aleksandr Nóvikov"
 SOV_vitaly_primakov: "Vitaly Primakov"
 SOV_vasily_korzh: "Vasily Korzh"
 SOV_sidor_kovpak: "Sidor Kovpak"
 SOV_lev_dovator: "Lev Dovator"
 SOV_pavel_rybalko: "Pavel Rybalko"
 SOV_mikhail_kalinin: "Mikhail Kalinin"
 SOV_nikita_khrushchyov: "Nikita Khrushchyov"
 SOV_nikolay_voznesensky: "Nikolay Voznesensky"
 SOV_lazar_kaganovich: "Lazar Kaganovich"
 SOV_genrikh_yagoda: "Genrikh Yagoda"
 SOV_nikolay_yezhov: "Nikolay Yezhov"
 SOV_lavrenty_beriya: "Lavrenty Beriya"
 SOV_vsevolod_merkulov: "Vsevolod Merkulov"
 SOV_maksim_litvinov: "Maksim Litvinov"
 SOV_ivan_smirnov: "Ivan Smirnov"
 SOV_ivar_smilga: "Ivar Smilga"
 SOV_karl_radek: "Karl Radek"
 SOV_yevgeny_preobrazhensky: "Yevgeni Preobrazhensky"
 SOV_aleksandr_shlyapnikov: "Aleksandr Shlyapnikov"
 SOV_lev_trotsky: "Lev Trotsky"
 SOV_nikolay_bukharin: "Nikolay Bukharin"
 SOV_aleksey_rykov: "Aleksey Rykov"
 SOV_mikhail_tomsky: "Mikhail Tomsky"
 SOV_grigory_zinovyev: "Grigory Zinovyev"
 SOV_lev_kamenev: "Lev Kamenev"
 SOV_martemyan_ryutin: "Martemyan Ryutin"
 SOV_grigory_sokolnikov: "Grigory Sokolnikov"
 SOV_patriarch_sergy: "Patriarch Sergy"
 SOV_metropolitan_anastasy: "Metropolitano Anastasy"
 SOV_metropolitan_nikolay: "Metropolitano Nikolay"
 SOV_metropolitan_aleksy: "Metropolitano Aleksy"
 SOV_grigory_semyonov: "Grigory Semyonov"
 SOV_nikolay_ustryalov: "Nikolay Ustryalov"
 SOV_aleksandr_kazembek: "Aleksandr Kazembek"
 SOV_anastasy_vonsyatsky: "Anastasi Vonsiatski"
 SOV_aleksandr_prokofyev_seversky: "Alexander Prokofiev de Severski"
 SOV_vyacheslav_tkachyov: "Viacheslav Tkachiov"
 SOV_yan_nagursky: "Yan Nagurski"
 SOV_vasily_yanchenko: "Vasili Yanchenko"
 SOV_anton_denikin: "Antón Denikin"
 SOV_pyotr_krasnov: "Piotr Krasnov"
 SOV_konstantin_nechayev: "Konstantin Nechaev"
 SOV_vladimir_kosmin: "Vladimir Kosmin"
 SOV_aleksandr_rodzyanko: "Alexander Rodzianko"
 SOV_andrey_shkuro: "Andréi Shkuró"
 SOV_tsar_vladimir_kirillovich: "Vlad III"
 SOV_tsar_vsevolod_ivanovich: "Zar Vsévolod I"
 SOV_metropolitan_meletius: "Metropolitano Melecio"
 SOV_patriarch_meletius: "Patriarca Melecio"
 #ARGENTINA
 ARG_senor_hitler: "Señor Hilter"
 #AUSTRIA
 AUS_kurt_schuschnigg: "Kurt Schuschnigg"
 AUS_karl_renner: "Karl Renner"
 AUS_alfred_klahr: "Alfred Klahr"
 AUS_karl_eglseer: "Karl Eglseer"
 #BULGARIA
 BUL_boris_iii: "Boris III"
 BUL_boris_iii_desc: "Zar Boris III"
 BUL_ferdinand_i: "Fernando I"
 BUL_regency_council: "Consejo de regencia"
 BUL_georgi_dimitrov: "Georgi Dimitrov"
 BUL_georgi_dimitrov_desc: "Georgi Dimitrov Mijáilov"
 BUL_nikola_mushanov: "Nikola Mushanov"
 BUL_nikola_mushanov_desc: "Nikola Stoykov Mushanov"
 BUL_atanas_shalapatov: "Atanas Shalapatov"
 BUL_atanas_shalapatov_desc: "Atanas N. Shalapatov"
 BUL_nikola_mihov: "Nikola Mihov"
 BUL_nikola_mihov_desc: "Nikola Mihailov Mihov"
 BUL_georgi_popov: "Georgi Popov"
 BUL_georgi_popov_desc: "Georgi Nikolov Popov"
 BUL_ivan_markov: "Ivan Márkov"
 BUL_ivan_markov_desc: "Ivan Hristov Márkov"
 BUL_georgi_markov: "Georgi Márkov"
 BUL_georgi_markov_desc: "Georgi Ivanov Márkov"
 BUL_asen_nikolov: "Asen Nikolov"
 BUL_asen_nikolov_desc: "Asen Dobrev Nikolov"
 BUL_nikola_stoychev: "Nikola Stoychev"
 BUL_nikola_stoychev_desc: "Nikola Georgiev Stoychev"
 BUL_damian_velchev: "Damyan Velchev"
 BUL_damian_velchev_desc: "Damian Veltchev Damianov"
 BUL_angel_dotsev: "Angel Dotsev"
 BUL_angel_dotsev_desc: "Angel Georgiev Dotsev"
 BUL_georgi_ivanov_kyoseivanov_bftb: "Georgi Kyoseivanov"
 BUL_georgi_ivanov_kyoseivanov_bftb_desc: "Georgi Ivanov Kyoseivanov"
 BUL_stefan_nedev: "Stefan Nedev"
 BUL_stefan_nedev_desc: "Stefan Savov Nedev"
 BUL_stoycho_mushanov: "Stoycho Mushanov"
 BUL_stoycho_mushanov_desc: "Stoycho Stefanov Mushanov"
 BUL_nikola_petkov: "Nikola Petkov"
 BUL_nikola_petkov_desc: "Nikola Dimitrov Petkov"
 BUL_konstantin_muraviev_bftb: "Konstantin Muraviev"
 BUL_konstantin_muraviev_bftb_desc: "Konstantin Vladov Muraviev"
 BUL_stefan_stefanov: "Stefan Stefanov"
 BUL_stefan_stefanov_desc: "Stefan Georgiev Stefanov"
 BUL_dimitrana_ivanova: "Dimitrana Ivanova"
 BUL_dimitrana_ivanova_desc: "$BUL_dimitrana_ivanova$"
 BUL_vasil_kolarov: "Vasil Kolarov"
 BUL_vasil_kolarov_desc: "Vasil Petrov Kolarov"
 BUL_valko_chervenkov: "Valko Chervenkov"
 BUL_valko_chervenkov_desc: "Valko Velyov Chervenkov"
 BUL_todor_pavlov: "Todor Pavlov"
 BUL_todor_pavlov_desc: "Todor Dimitrov Pavlov"
 BUL_ivan_dochev: "Ivan Dochev"
 BUL_ivan_dochev_desc: "Ivan Dimitrov Dochev"
 BUL_aleksandar_tsankov: "Aleksandar Tsankov"
 BUL_aleksandar_tsankov_desc: "Aleksandar Tsolov Tsankov"
 BUL_nikola_zhekov: "Nikola Zhekov"
 BUL_nikola_zhekov_desc: "Nikola Todorov Zhekov"
 BUL_dobri_bozhilov_bftb: "Dobri Bozhilov"
 BUL_dobri_bozhilov_bftb_desc: "Dobri Bozhilov Hadzhiyanakev"
 BUL_bogdan_filov: "Bogdan Filov"
 BUL_bogdan_filov_fascism: "Bogdan Filov"
 BUL_bogdan_filov_desc: "Bogdan Dimitrov Filov"
 BUL_kimon_georgiev: "Kimon Georgiev"
 BUL_kimon_georgiev_desc: "Kimon Georgiev Stoyanov"
 BUL_theodosi_daskalov: "Teodosi Daskalov"
 BUL_theodosi_daskalov_desc: "Teodosi Petrov Daskalov"
 BUL_georgi_petsov_bftb: "Georgi Petsov"
 BUL_georgi_petsov_bftb_desc: "$BUL_georgi_petsov_bftb$"
 BUL_sava_ivanov: "Sava Ivanov"
 BUL_sava_ivanov_desc: "Sava Nikolov Ivanov"
 BUL_georgi_drenikov: "Georgi Drenikov"
 BUL_georgi_drenikov_desc: "Georgi Stoimenov Drenikov"
 BUL_konstantin_lukash: "Konstantin Lukash"
 BUL_konstantin_lukash_desc: "Konstantin Ludvig Lukash"
 BUL_nikola_hadzipetkov_bftb: "Nikola Hadzhipetkov"
 BUL_nikola_hadzipetkov_bftb_desc: "Nikola Petkov Hadzhipetkov"
 BUL_kiril_dimitrov_yanchulev: "Kiril Yanchulev"
 BUL_kiril_dimitrov_yanchulev_desc: "Kiril Dimitrov Yanchulev"
 BUL_vasil_boydev_bftb: "Vasil Boydev"
 BUL_vasil_boydev_bftb_desc: "Vasil Tenev Boydev"
 BUL_kiril_stanchev_bftb: "Kiril Stanchev"
 BUL_kiril_stanchev_bftb_desc: "Kiril Nikolov Stanchev"
 BUL_dimitr_ayryanov: "Dimitar Ayryanov"
 BUL_dimitr_ayryanov_desc: "Dimitar Vasilev Ayryanov"
 BUL_gancho_manchev: "Gancho Manchev"
 BUL_gancho_manchev_desc: "Gancho Ivanov Manchev"
 BUL_zachari_zachariev: "Zahari Zahariev"
 BUL_zachari_zachariev_desc: "Zahari Simeonov Zahariev"
 BUL_asen_toshev: "Asen Toshev"
 BUL_asen_toshev_desc: "Asen Konstantinov Toshev"
 BUL_ivan_variklechkov: "Ivan Variklechkov"
 BUL_ivan_variklechkov_desc: "Ivan Petrov Variklechkov"
 BUL_stoyan_stoyanov_bftb: "Stoyan Stoyanov"
 BUL_stoyan_stoyanov_bftb_desc: "Stoyan Iliev Stoyanov"
 BUL_stefan_tsanev: "Stefan Tsanev"
 BUL_stefan_tsanev_desc: "Stefan Toshev Tsanev"
 BUL_ivan_sapundzhiev: "Ivan Sapundzhiev"
 BUL_ivan_sapundzhiev_desc: "Ivan Hristov Sapundzhiev"
 BUL_atanas_pavlov_zhilkov_bftb: "Atanas Zhilkov"
 BUL_atanas_pavlov_zhilkov_bftb_desc: "Atanas Pavlov Zhilkov"
 BUL_stoyan_trendafilov: "Stoyan Trendafilov"
 BUL_stoyan_trendafilov_desc: "Stoyan Konstantinov Trendafilov"
 BUL_trifon_trifonov: "Trifon Trifonov"
 BUL_trifon_trifonov_desc: "Trifon Yordanov Trifonov"
 BUL_vladimir_stoychev: "Vladimir Stoychev"
 BUL_vladimir_stoychev_desc: "Vladimir Dimitrov Stoychev"
 BUL_ferdinand_kozovski: "Ferdinand Kozovski"
 BUL_ferdinand_kozovski_desc: "Ferdinand Todorov Kozovski"
 BUL_ivan_gaidimitriv_desc: "$BUL_ivan_gaidimitriv$"
 BUL_bonyu_stoev_pironkov_desc: "Bonyu Stoev Pironkov"
 BUL_nikola_totev_markov_desc: "Nikola Totev Márkov"
 BUL_blagoi_ivanov_desc: "Blagoi Evtimov Ivanov"
 BUL_nikola_nakov: "Nikola Nakov"
 #SPAIN
 SPR_enrique_lister: "Enrique Líster"
 SPR_enrique_lister_desc: "Enrique Líster Forján"
 SPR_valentin_gonzalez: "Valentín González"
 SPR_niceto_alcala_zamora: "Niceto Alcalá-Zamora"
 SPR_jose_diaz: "José Díaz"
 SPR_alejandro_lerroux: "Alejandro Lerroux"
 SPA_francisco_franco: "Francisco Franco"
 SPR_manuel_fal_conde: "Manuel Fal Conde"
 SPR_vicente_rojo_lluch: "Vicente Rojo Lluch"
 SPR_jose_asensio_torrado: "José Asensio Torrado"
 SPR_juan_modesto: "Juan Modesto"
 SPR_antonio_cordon_garcia: "Antonio Cordón García"
 SPR_mohamed_meziane: "Mohammed ben Mizzian"
 SPR_gonzalo_queipo_de_llano: "Gonzalo Queipo de Llano"
 SPR_jose_millan_astray: "José Millán-Astray"
 SPR_miguel_buiza_fernandez_palacios: "Miguel Buiza Fernández-Palacios"
 #PORTUGAL
 POR_antonio_de_oliveira_salazar: "António de Oliveira Salazar"
 POR_bento_goncalves: "Bento Gonçalves"
 POR_jose_vicente_de_freitas: "José Vicente de Freitas"
 POR_luis_augusto_ferreira_martins: "Luís Augusto Ferreira Martins"
 POR_raul_augusto_esteves: "Raul Augusto Esteves"
 POR_jose_mendes_cabecadas: "José Mendes Cabeçadas"
 POR_raul_brandao: "Raul Brandão"
 #NATIONALIST CHINA
 CHI_chiang_kaishek: "Chiang Kai-shek"
 CHI_zhang_guotao: "Zhang Guotao"
 CHI_wang_jingwei: "Wang Jingwei"
 CHI_weng_wenhao: "Weng Wenhao"
 CHI_tu_yuming: "Du Yuming"
 CHI_hsueh_yueh: "Xue Yue"
 CHI_tai_anlan: "Dai Anlan"
 CHI_wang_yaowu: "Wang Yaowu"
 CHI_sun_li_jen: "Li-jen Sun"
 CHI_hu_zongnan: "Hu Zongnan"
 CHI_gu_zhutong: "Gu Zhutong"
 CHI_wei_lihuang: "Wei Lihuang"
 CHI_fu_zuoyi: "Fu Zuoyi"
 CHI_zhang_xueliang: "Zhang Xueliang"
 #PEOPLE'S REPUBLIC OF CHINA
 PRC_mao_zedong: "Mao Zedong"
 PRC_peng_dehuai: "Peng Dehuai"
 PRC_lin_biao: "Lin Biao"
 PRC_kwong_hu: "Kwong Hu"
 PRC_luo_zhao: "Luo Zhao"
 PRC_liang_ma: "Liang Ma"
 #SINKIANG
 SIK_sheng_shicai: "Sheng Shicai"
 SIK_chiang_yufen: "Chiang Yu-fen"
 SIK_kwong_jin: "Kwong Jin"
 SIK_luo_wei: "Luo Wei"
 SIK_liang_jiang: "Liang Jiang"
 #XIBEI SAN MA
 XSM_ma_bufang: "Ma Bufang"
 XSM_mao_sun: "Mao Sun"
 XSM_hsia_sun: "Hsia Sun"
 XSM_hsia_jin: "Hsia Jin"
 #SHANXI
 SHX_wang_jingguo: "Wang Jingguo"
 SHX_luo_zhao: "Luo Zhao"
 SHX_liao_ting: "Liao Ting"
 #GUANXI CLIQUE
 GXC_liu_peng: "Liu Peng"
 GXC_zhang_lu: "Zhang Lü"
 GXC_li_ting: "Li Ting"
 #YUNNAN
 YUN_long_yun: "Long Yun"
 YUN_mao_dong: "Mao Dong"
 YUN_cheng_peng: "Cheng Peng"
 YUN_hsia_wu: "Hsia Wu"
 #MANCHUKUO
 MAN_aisin_gioro_puyi: "Aisin Gioro Puyi"
 MAN_zhang_haipeng: "Zhang Haipeng"
 MAN_zhang_jinghui: "Zhang Jinghui"
 MAN_aisin_gioro_xiqia: "Aisin-Gioro Xiqia"
 MAN_yoshiko_kawashima: "Yoshiko Kawashima"
 MAN_zhao_shangzhi: "Zhao Shangzhi"
 MAN_changlin_linge: "Changlin Linge"
 #USA
 USA_franklin_delano_roosevelt: "Franklin Delano Roosevelt"
 USA_william_dudley_pelley: "William Dudley Pelley"
 USA_earl_browder: "$earl_browder$"
 USA_george_s_patton: "$george_patton$"
 USA_omar_bradley: "$omar_bradley$"
 USA_dwight_d_eisenhower: "$dwight_eisenhower$"
 USA_geoffrey_keyes: "Geoffrey Keyes"
 USA_lucian_truscott: "Lucian Truscott"
 USA_mark_clark: "$mark_clark$"
 USA_douglas_macarthur: "$douglas_macarthur$"
 USA_walter_krueger: "$walter_krueger$"
 USA_lloyd_fredendall: "Lloyd Fredendall"
 USA_leslie_mcnair: "Lesley McNair"
 USA_jonathan_wainwright: "Jonathan Wainwright"
 USA_russell_hartle: "Russell Hartle"
 USA_leonard_gerow: "Leonard Gerow"
 USA_edward_brooks: "Edward Brooks"
 USA_clarence_huebner: "Clarence Huebner"
 USA_alexander_patch: "Alexander Patch"
 USA_william_simpson: "William Simpson"
 USA_j_lawton_collins: "J. Lawton Collins"
 USA_courtney_hodges: "$courtney_hodges$"
 USA_joseph_stilwell: "$joseph_stilwell$"
 USA_oscar_griswold: "Oscar Griswold"
 USA_maurice_rose: "Maurice Rose"
 USA_alexander_vandegrift: "Alexander Vandegrift"
 USA_ernest_king: "$ernest_king$"
 USA_chester_w_nimitz: "$chester_nimitz$"
 USA_william_halsey_jr: "William Halsey, Jr."
 USA_frank_jack_fletcher: "$frank_jack_fletcher$"
 USA_raymond_a_spruance: "Raymond A. Spruance"
 USA_harold_rainsford_stark: "Harold Rainsford Stark"
 USA_arleigh_burke: "Arleigh Burke"
 USA_charles_m_cooke_jr: "Charles M. Cooke, Jr."
 USA_carnot_wheeler: "Carnot Wheeler"
 USA_robert_goddard: "$robert_goddard$"
 USA_robert_oppenheimer: "$robert_oppenheimer$"
 USA_curtis_lemay: "$curtis_lemay$"
 USA_dewitt_clinton_ramsey: "$dewitt_clinton_ramsey$"
 USA_harold_mcclelland: "$harold_mcclelland$"
 USA_marc_mitscher: "$marc_mitscher$"
 USA_george_marshall: "$george_marshall$"
 USA_william_halsey: "$william_halsey$"
 USA_henry_arnold: "$henry_arnold$"
 USA_carl_spaatz: "$carl_spaatz$"
 USA_george_kenney: "$george_kenney$"
 USA_jimmy_doolittle: "$jimmy_doolittle$"
 USA_john_cannon: "$john_cannon$"
 USA_claire_lee_chennault: "$claire_lee_chennault$"
 USA_raymond_spruance: "$raymond_spruance$"
 USA_thomas_kinkaid: "$thomas_kinkaid$"
 USA_harry_white: "$harry_white$"
 USA_victor_perlo: "$victor_perlo$"
 USA_whittaker_chambers: "$whittaker_chambers$"
 USA_harold_ickes: "$harold_ickes$"
 USA_charles_coughlin: "$charles_coughlin$"
 USA_william_donovan: "$usa_william_donovan$"
 #ITALY
 ITA_benito_mussolini: "Benito Mussolini"
 ITA_ferruccio_parri: "Ferruccio Parri"
 ITA_vittorio_emanuele_iii: "Vittorio Emanuele II"
 ITA_palmiro_togliatti: "Palmiro Togliatti"
 ITA_pietro_badoglio: "$pietro_badoglio$"
 ITA_emilio_de_bono: "$emilio_de_bono$"
 ITA_ugo_cavallero: "$ugo_cavallero$"
 ITA_giovanni_messe: "$giovanni_messe$"
 ITA_sebastiano_visconti_prasca: "Sebastiano Visconti Prasca"
 ITA_ubaldo_soddu: "Ubaldo Soddu"
 ITA_italo_balbo: "$italo_balbo$"
 ITA_rodolfo_graziani: "$rodolfo_graziani$"
 ITA_inigo_campioni: "$inigo_campioni$"
 ITA_alberto_da_zara: "$alberto_da_zara$"
 ITA_giuseppe_fioravanzo: "Giuseppe Fioravanzo"
 ITA_carlo_bergamini: "$carlo_bergamini$"
 ITA_angelo_iachino: "$angelo_iachino$"
 ITA_alfredo_guzzoni: "$alfredo_guzzoni$"
 ITA_guiseppe_fioravanzo: "$guiseppe_fioravanzo$"
 ITA_amedeo_mecozzi: "$amedeo_mecozzi$"
 ITA_renato_sandalli: "$renato_sandalli$"
 ITA_gaetano_crocco: "$gaetano_crocco$"
 ITA_domenico_cavagnari: "$domenico_cavagnari$"
 ITA_arturo_riccardi: "$arturo_riccardi$"
 ITA_rino_corso_fougier: "$rino_corso_fougier$"
 ITA_francesco_pricolo: "$francesco_pricolo$"
 ITA_mario_roatta: "$mario_roatta$"
 ITA_vittorio_ambrosio: "$vittorio_ambrosio$"
 ITA_ettore_muti: "$ettore_muti$"
 ITA_marziale_cerutti: "$marziale_cerutti$"
 ITA_silvio_scaroni: "$silvio_scaroni$"
 ITA_luigi_mascherpa: "$luigi_mascherpa$"
 ITA_amadeo_bordiga: "$amadeo_bordiga$"
 ITA_ivanoe_bonomi: "$ivanoe_bonomi$"
 ITA_carlo_scorza: "$carlo_scorza$"
 #FRANCE
 FRA_pierre_laval: "Pierre Laval"
 FRA_edouard_daladier: "Édouard Daladier"
 FRA_denis_guillaumat: "Denis Guillaumat"
 FRA_maurice_thorez: "$maurice_thorez$"
 FRA_rene_nicod: "René Nicod"
 FRA_philippe_petain: "Philippe Pétain"
 FRA_jean_de_lattre_de_tassigny: "Jean de Lattre de Tassigny"
 FRA_alphonse_juin: "Alphonse Juin"
 FRA_maurice_gamelin: "$maurice_gamelin$"
 FRA_maxime_weygand: "$maxime_weygand$"
 FRA_alphonse_georges: "$alphonse_georges$"
 FRA_antoinemariebenoit_besson: "Antoine-Marie-Benoît Besson"
 FRA_charles_de_gaulle: "$charles_de_gaulle$"
 FRA_philippe_leclerc: "$philippe_leclerc$"
 FRA_henri_giraud: "$henri_giraud$"
 FRA_charles_huntziger: "$charles_huntziger$"
 FRA_gastonhenri_billotte: "Gaston-Henri Billotte"
 FRA_henry_freydenberg: "Henry Freydenberg"
 FRA_rene_olry: "René Olry"
 FRA_francois_darlan: "$francois_darlan$"
 FRA_jeanmarie_charles_abrial: "Jean-Marie Charles Abrial"
 FRA_jeanpierre_esteva: "Jean-Pierre Esteva"
 FRA_rene_emile_godfroy: "$rene_emile_godfroy$"
 FRA_jean_de_laborde: "$jean_de_laborde$"
 FRA_victor_denain: "$victor_denain$"
 FRA_jean_decoux: "$jean_decoux$"
 FRA_jean_marie_bergeret: "$jean_marie_bergeret$"
 FRA_louis_kahn: "$louis_kahn$"
 FRA_frederic_irene_joliot_curie: "$frederic_irene_joliot_curie$"
 FRA_jean_marie_abrial: "$jean_marie_abrial$"
 FRA_marcel_gensoul: "$marcel_gensoul$"
 FRA_joseph_vuillemin: "$joseph_vuillemin$"
 FRA_robert_odic: "$robert_odic$"
 FRA_philippe_fequant: "$philippe_fequant$"
 FRA_martial_valin: "$martial_valin$"
 FRA_jean_francois_jannekeyn: "$jean_francois_jannekeyn$"
 FRA_emile_muselier: "$emile_muselier$"
 FRA_alfred_heurtaux: "$alfred_heurtaux$"
 FRA_rene_prioux: "$rene_prioux$"
 FRA_leon_blum: "$leon_blum$"
 FRA_marcel_bucard: "$marcel_bucard$"
 FRA_rene_massigli: "$rene_massigli$"
 FRA_georges_bonnet: "$georges_bonnet$"
 FRA_charles_maurras: "$charles_maurras$"
 #UNITED KINGDOM
 ENG_stanley_baldwin: "Stanley Baldwin"
 ENG_harry_pollitt: "$harry_pollitt$"
 ENG_neville_chamberlain: "Neville Chamberlain"
 ENG_horatio_dundas: "Horatio Dundas"
 ENG_alan_brooke: "$alan_brooke$"
 ENG_bernard_montgomery: "$bernard_montgomery$"
 ENG_claude_auchinleck: "$claude_auchinleck$"
 ENG_neil_ritchie: "Neil Ritchie"
 ENG_alan_cunningham: "Alan Cunningham"
 ENG_william_slim: "William Slim"
 ENG_richard_oconnor: "Richard O'Connor"
 ENG_william_platt: "William Platt"
 ENG_george_giffard: "George Giffard"
 ENG_harold_alexander: "$harold_alexander$"
 ENG_jackie_smyth: "Jackie Smyth"
 ENG_thomas_jacomb_hutton: "Thomas Jacomb Hutton"
 ENG_arthur_percival: "Arthur Percival"
 ENG_merton_beckwithsmith: "Merton Beckwith-Smith"
 ENG_henry_pownall: "Henry Pownall"
 ENG_john_vereker: "$john_vereker$"
 ENG_henry_wilson: "Henry Wilson"
 ENG_william_gott: "William Gott"
 ENG_jock_campbell: "Jock Campbell"
 ENG_oliver_leese: "Oliver Leese"
 ENG_miles_dempsey: "Miles Dempsey"
 ENG_brian_horrocks: "Brian Horrocks"
 ENG_archibald_wavell: "$archibald_wavell$"
 ENG_thomas_moore: "Tom Moore"
 ENG_james_fownes_somerville: "James Fownes Somerville"
 ENG_henry_harwood: "$henry_harwood$"
 ENG_andrew_cunningham: "$andrew_cunningham$"
 ENG_bruce_fraser: "Bruce Fraser"
 ENG_john_tovey: "John Tovey"
 ENG_bernard_rawlings: "Bernard Rawlings"
 ENG_john_cunningham: "John Cunningham"
 ENG_charles_forbes: "Charles Forbes"
 ENG_algernon_willis: "Algernon Willis"
 ENG_arthur_power: "Arthur Power"
 ENG_james_somerville: "$james_somerville$"
 ENG_tom_phillips: "$tom_phillips$"
 ENG_hugh_dowding: "$hugh_dowding$"
 ENG_arthur_harris: "$arthur_harris$"
 ENG_james_chadwick: "$james_chadwick$"
 ENG_frank_whittle: "$frank_whittle$"
 ENG_edmund_ironside: "$edmund_ironside$"
 ENG_ernle_chatfield: "$ernle_chatfield$"
 ENG_dudley_pound: "$dudley_pound$"
 ENG_cyril_newall: "$cyril_newall$"
 ENG_charles_portal: "$charles_portal$"
 ENG_edward_ellington: "$edward_ellington$"
 ENG_kenneth_anderson: "$kenneth_anderson$"
 ENG_sholto_douglas: "$sholto_douglas$"
 ENG_trafford_leigh_mallory: "$trafford_leigh_mallory$"
 ENG_frederick_bowhill: "$frederick_bowhill$"
 ENG_louis_mountbatten: "$louis_mountbatten$"
 ENG_max_horton: "$max_horton$"
 ENG_clement_attlee: "$clement_attlee$"
 ENG_john_beckett: "$john_beckett$"
 ENG_stewart_menzies: "$eng_stewart_menzies$"
 ENG_alan_turing: "$eng_alan_turing$"
 #GERMANY
 GER_adolf_hitler: "Adolf Hitler"
 GER_konrad_adenauer: "Konrad Adenauer"
 GER_wilhelm_pieck: "Wilhelm Pieck"
 GER_gerd_von_rundstedt: "$gerd_von_rundstedt$"
 GER_gunther_von_kluge: "Günther von Kluge"
 GER_friedrich_paulus: "Friedrich Paulus"
 GER_erwin_rommel: "$erwin_rommel$"
 GER_erich_von_manstein: "$manstein$"
 GER_heinz_guderian: "$heinz_guderian$"
 GER_wilhelm_list: "Wilhelm List"
 GER_ewald_von_kleist: "Ewald von Kleist"
 GER_fedor_von_bock: "Fedor von Bock"
 GER_walter_model: "Walter Model"
 GER_maximilian_von_weichs: "Maximilian von Weichs"
 GER_wilhelm_ritter_von_leeb: "Wilhelm Ritter von Leeb"
 GER_georghans_reinhardt: "Georg-Hans Reinhardt"
 GER_walter_kruger: "Walter Krüger"
 GER_kurt_student: "$kurt_student$"
 GER_erwin_von_witzleben: "Erwin von Witzleben"
 GER_hermann_hoth: "Hermann Hoth"
 GER_johannes_blaskowitz: "Johannes Blaskowitz"
 GER_paul_hausser: "Paul Hausser"
 GER_friedrich_schulz: "Friedrich Schulz"
 GER_georg_von_kuchler: "Georg von Küchler"
 GER_alfred_jodl: "Alfred Jodl"
 GER_sepp_dietrich: "Sepp Dietrich"
 GER_hasso_von_manteuffel: "Hasso von Manteuffel"
 GER_albert_kesselring: "$albert_kesselring$"
 GER_gotthard_heinrici: "Gotthard Heinrici"
 GER_ernsteberhard_hell: "Ernst-Eberhard Hell"
 GER_felix_steiner: "Felix Steiner"
 GER_karl_donitz: "$donitz$"
 GER_erich_raeder: "$raeder$"
 GER_alfred_saalwachter: "$alfred_saalwachter$"
 GER_hermann_boehm: "Hermann Boehm"
 GER_wilhelm_marschall: "Wilhelm Marschall"
 GER_gunther_lutjens: "$gunther_lutjens$"
 GER_von_braun: "$von_braun$"
 GER_heisenberg: "$heisenberg$"
 GER_wolfram_von_richthofen: "$wolfram_von_richthofen$"
 GER_walther_wever: "$walther_wever$"
 GER_ernst_udet: "$ernst_udet$"
 GER_otto_ciliax: "$otto_ciliax$"
 GER_ludwig_beck: "$ludwig_beck$"
 GER_wilhelm_keitel: "$wilhelm_keitel$"
 GER_franz_halder: "$franz_halder$"
 GER_walther_von_brauchitsch: "$walther_von_brauchitsch$"
 GER_ritter_von_greim: "$ritter_von_greim$"
 GER_hermann_goring: "$goering$"
 GER_ferdinand_schorner: "$ferdinand_schorner$"
 GER_werner_von_fritsch: "$werner_von_fritsch$"
 GER_hugo_sperrle: "$hugo_sperrle$"
 GER_erhard_milch: "$erhard_milch$"
 GER_erich_bey: "$erich_bey$"
 GER_viktor_schutze: "$viktor_schutze$"
 GER_fritz_todt: "$todt$"
 GER_albert_speer: "$speer$"
 GER_hjalmar_schacht: "$hjalmar_schacht$"
 GER_walther_funk: "$walther_funk$"
 GER_ernst_thalmann: "$ernst_thalmann$"
 GER_kurt_schumacher: "$kurt_schumacher$"
 GER_joseph_goebbels: "$joseph_goebbels$"
 GER_rudolf_hess: "$rudolf_hess$"
 GER_heinrich_himmler: "$heinrich_himmler$"
 GER_martin_bormann: "$martin_bormann$"
 GER_joachim_von_ribbentrop: "$joachim_von_ribbentrop$"
 GER_konstantin_von_neurath: "$konstantin_von_neurath$"
 GER_wilhelm_canaris: "$ger_wilhelm_canaris$"
 GER_wilhelm_ii: "Guillermo II"
 GER_victoria: "Victoria"
 GER_august_von_mackensen: "August von Mackensen"
 #ROMANIA
 ROM_gheorghe_tatarescu: "Gheorghe Tătărescu"
 ROM_constantin_ion_parhon: "Constantin Ion Parhon"
 ROM_king_michael: "Miguel I"
 ROM_octavian_goga: "Octavian Goga"
 ROM_corneliu_codreanu: "Corneliu Codreanu"
 ROM_petre_dumitrescu: "Petre Dumitrescu"
 ROM_ioan_mihail_racovita: "Ioan Mihail Racoviță"
 #TURKEY
 TUR_mustafa_kemal_ataturk: "Mustafa Kemal Atatürk"
 TUR_mehmet_recep_peker: "Mehmet Recep Peker"
 TUR_izzettin_chalishlar: "İzzettin Çalışlar"
 TUR_mustafa_muglali: "Mustafa Muğlalı"
 TUR_hayrullah_fisek: "Hayrullah Fişek"
 TUR_mehmet_nuri_yamut: "Mehmet Nuri Yamut"
 TUR_ahmet_fevzi_pasha: "Ahmed Fevzi Paşa"
 TUR_refet_pasha: "Refet Paşa"
 TUR_mehmet_esat_pasha: "Mehmet Esat Paşa"
 TUR_halife_abdulmecid_efendi: "Califa Abdülmecid Efendi"
 TUR_nazmi_solok: "Nazmi Solok"
 GER_hans_von_luck: "Hans von Luck"
 GER_wilhelm_ritter_von_thoma: "Wilhelm Ritter von Thoma"
 ITA_ferdinando_umberto_filippo_adalberto: "Ferdinando Umberto Filippo Adalberto"
 TUR_durrushehvar_i: "Dürrüşehvar I"
 TUR_abdulmejid_ii: "Abdul Mejid II"
 TUR_hazi_aslanov: "Hazi Aslanov"
 #JAPAN
 JAP_emperor_hirohito: "$JAP_hirohito$"
 JAP_kyuichi_tokuda: "Kyuichi Tokuda"
 JAP_tetsu_katayama: "Tetsu Katayama"
 JAP_tomoyuki_yamashita: "$tomoyuki_yamashita$"
 JAP_hisaichi_terauchi: "$hisaichi_terauchi$"
 JAP_shunroku_hata: "$shunroku_hata$"
 JAP_akira_muto: "Akira Mutō"
 JAP_kanji_ishiwara: "Kanji Ishiwara"
 JAP_shizuichi_tanaka: "Shizuichi Tanaka"
 JAP_yasuji_okamura: "$yasuji_okamura$"
 JAP_toshizo_nishio: "Toshizo Nishio"
 JAP_rikichi_ando: "Rikichi Andō"
 JAP_naruhiko_higashikuni: "Higashikuni Naruhiko"
 JAP_seishiro_itagaki: "Seishirō Itagaki"
 JAP_takashi_sakai: "Takashi Sakai"
 JAP_kenji_doihara: "$kenji_doihara$"
 JAP_kenkichi_ueda: "Kenkichi Ueda"
 JAP_shigeru_honjo: "Shigeru Honjō"
 JAP_yoshijiro_umezu: "Yoshijirō Umezu"
 JAP_otozo_yamada: "Otozō Yamada"
 JAP_hatazo_adachi: "Hatazō Adachi"
 JAP_iwane_matsui: "Iwane Matsui"
 JAP_sadao_araki: "Sadao Araki"
 JAP_keisuke_fujie: "Keisuke Fujie"
 JAP_kiichiro_higuchi: "Kiichirō Higuchi"
 JAP_masaharu_homma: "Homma Masaharu"
 JAP_harukichi_hyakutake: "Harukichi Hyakutake"
 JAP_jo_iimura: "Jo Iimura"
 JAP_hitoshi_imamura: "$hitoshi_imamura$"
 JAP_masatane_kanda: "Masatane Kanda"
 JAP_kuniaki_koiso: "Kuniaki Koiso"
 JAP_isoroku_yamamoto: "$isoroku_yamamoto$"
 JAP_mineichi_koga: "Mineichi Koga"
 JAP_kiyoshi_hasegawa: "Kiyoshi Hasegawa"
 JAP_shigeyoshi_inoue: "Shigeyoshi Inoue"
 JAP_nobutake_kondo: "Kondō Nobutake"
 JAP_takeo_takagi: "Takeo Takagi"
 JAP_soemu_toyoda: "Soemu Toyoda"
 JAP_jisaburo_ozawa: "Jisaburō Ozawa"
 JAP_zengo_yoshida: "Zengo Yoshida"
 JAP_hiroaki_abe: "Hiroaki Abe"
 JAP_tadashige_daigo: "Tadashige Daigo"
 JAP_gengo_hyakutake: "Gengo Hyakutake"
 JAP_minoru_genda: "$minoru_genda$"
 JAP_yoshitoshi_tokugawa: "$yoshitoshi_tokugawa$"
 JAP_hino_kumazo: "$hino_kumazo$"
 JAP_yoshio_nishina: "$yoshio_nishina$"
 JAP_hideo_itokawa: "$hideo_itokawa$"
 JAP_kanin_kotohito: "$kanin_kotohito$"
 JAP_hajime_sugiyama: "$hajime_sugiyama$"
 JAP_hideki_tojo: "$hideki_tojo$"
 JAP_fushimi_hiroyasu: "$fushimi_hiroyasu$"
 JAP_osami_nagano: "$osami_nagano$"
 JAP_shigetaro_shimada: "$shigetaro_shimada$"
 JAP_torashiro_kawabe: "$torashiro_kawabe$"
 JAP_korechika_anami: "$korechika_anami$"
 JAP_mitsuo_fuchida: "$mitsuo_fuchida$"
 JAP_nishizo_tsukahara: "$nishizo_tsukahara$"
 JAP_tateo_kato: "$tateo_kato$"
 JAP_matome_ugaki: "$matome_ugaki$"
 JAP_chuichi_nagumo: "$chuichi_nagumo$"
 JAP_sanzo_nosaka: "$sanzo_nosaka$"
 JAP_kijuro_shidehara: "$kijuro_shidehara$"
 JAP_kingoro_hashimoto: "$kingoro_hashimoto$"
 JAP_takuo_godo: "$takuo_godo$"
 #HUNGARY
 HUN_miklos_horthy: "Miklós Horthy"
 HUN_otto_von_habsburg: "Otto de Habsburgo"
 HUN_matyas_rakosi: "Mátyás Rákosi"
 HUN_arpad_szakasits: "Árpád Szakasits"
 HUN_franz_friedrich: "Friedrich Franz de Mecklenburg-Schwerin"
 HUN_geza_lakatos: "Géza Lakatos"
 HUN_ivan_hindy: "Iván Hindy"
 HUN_karoly_beregfy: "Károly Beregfy"
 HUN_lajos_veress: "Lajos Veress"
 HUN_ferenc_feketehalmyczeydner: "Ferenc Feketehalmy-Czeydner"
 HUN_istvan_szechenyi: "Esteban Széchenyi"
 #POLAND
 POL_anna_andersson: "Anastasia Románova"
 POL_karl_albrecht: "Karl Albrecht I"
 POL_friedrich_christian: "Friedrich Christian"
 POL_sejmik_regency: "Regencia sejmik"
 POL_boleslaw_wieniawa_glugoszowski: "Bolesław Wieniawa-Długoszowski"
 POL_witold_pilecki: "Witold Pilecki"
 POL_wladyslaw_sikorski: "Władysław Sikorski"
 POL_vladislav_korchits: "Władysław Korczyc"
 POL_maria_koszutska: "Maria Koszutska"
 POL_wladyslaw_gomulka: "Władysław Gomułka"
 POL_wladyslaw_raczkiewicz: "Władysław Raczkiewicz"
 POL_wincenty_witos: "Wincenty Witos"
 POL_stanislaw_mikolajczyk: "Stanisław Mikołajczyk"
 POL_pavel_bermondt_avalov: "Pável Bermondt-Avalov"
 POL_boleslaw_piasecki: "Bolesław Piasecki"
 POL_wojtek: "Wojtek"
 POL_rudinger_von_der_goltz: "Rüdiger von der Goltz"
 POL_wladyslaw_bortnowski: "Władysław Bortnowski"
 POL_stanislaw_kopanski: "Stanisław Kopański"
 POL_marian_kukiel: "Marian Kukiel"
 POL_stanislaw_sosabowski: "Stanisław Sosabowski"
 POL_lucjan_zeligowski: "Lucjan Żeligowski"
 POL_tadeusz_kutrzeba: "Tadeusz Kutrzeba"
 POL_roman_abraham: "Roman Abraham"
 POL_wincenty_kowalski: "Wincenty Kowalski"
 POL_stefan_frankowski: "Stefan Frankowski"
 POL_karol_korytowski: "Karol Korytowski"
 POL_boleslaw_bierut: "Bolesław Bierut"
 POL_edward_osobka_morawski: "Edward Osóbka-Morawski"
 #CZECHOSLOVAKIA
 CZE_edvard_benesh: "Edvard Beneš"
 CZE_jaroslav_krejchi: "Jaroslav Krejčí"
 CZE_vojtyech_luzha: "Vojtěch Luža"
 CZE_josef_shnejdarek: "Josef Šnejdárek"
 CZE_richard_tesarzhik: "Richard Tesařík"
 CZE_sergej_vojcechovsky: "Sergei Wojciechowski"
 CZE_frantishek_havlik: "František Havlík"
 #ESTONIA
 EST_konstantin_pats: "Konstantin Päts"
 EST_artur_sirk: "Artur Sirk"
 EST_jaan_anvelt: "Jaan Anvelt"
 EST_herbert_brede: "Herbert Brede"
 EST_otto_heinze: "Otto Heinze"
 #LATVIA
 LAT_karlis_ulmanis: "Kārlis Ulmanis"
 LAT_gustavs_celminsh: "Gustavs Celmiņš"
 LAT_alberts_kvesis: "Alberts Kviesis"
 LAT_janis_balodis: "Jānis Balodis"
 LAT_martinsh_penikis: "Mārtiņš Peniķis"
 LAT_hermanis_buks: "Hermanis Buks"
 LAT_fricis_virsaitis: "Fricis Virsaitis"
 LAT_andrejs_krustinsh: "Andrejs Krustiņš"
 LAT_zhanis_bahs: "Žanis Bahs"
 #LITHUANIA
 LIT_antanas_smetona: "Antanas Smetona"
 LIT_wilhelm_karl: "Mindaugas II"
 LIT_karl_gero: "Mindaugas III"
 LIT_zigmas_angarietis: "Zigmas Angarietis"
 LIT_augustinas_voldemaras: "Augustinas Voldemaras"
 LIT_edvardas_adamkavicius: "Edvardas Adamkevičius"
 LIT_kazys_skuchas: "Kazys Skučas"
 LIT_stasys_pundzevichius: "Stasys Pundzevičius"
 LIT_petras_schatz: "Petras Schatz"
 #SWEDEN
 SWE_per_albin_hansson: "Per Albin Hansson"
 SWE_sven_olov_lindholm: "Sven Olov Lindholm"
 SWE_sven_linderot: "Sven Linderot"
 SWE_axel_pehrssonbramstorp: "Axel Pehrsson-Bramstorp"
 SWE_folke_hogberg: "Folke Högberg"
 SWE_erik_af_edholm: "Erik af Edholm"
 SWE_claes_lindstrom: "Claës Lindsström"
 #YUGOSLAVIA
 YUG_prince_paul: "Príncipe Pablo"
 YUG_paul_i: "Pablo I"
 YUG_milan_stojadinovic: "Milan Stojadinović"
 YUG_milan_grol: "Milan Grol"
 YUG_peter_ii: "Pedro II"
 YUG_vladimir_Cukavac: "Vladimir Cukavac"
 YUG_ivan_gosnjak: "Ivan Gošnjak"
 YUG_josef_depre: "Josef Depre"
 CRO_nikola_mandic: "Nikola Mandić"
 #GREECE
 GRE_konstantinos_demertzis: "Konstantinos Demertzis"
 GRE_nikos_zachariadis: "Nikos Zachariadis"
 GRE_george_mercouris: "George Mercouris"
 GRE_georgios_kosmidis: "Georgios Kosmidis"
 GRE_charalambos_katsimitros: "Charalambos Katsimitros"
 GRE_markos_drakos: "Markos Drakos"
 GRE_theodoros_pangalos: "Theodoros Pangalos"
 GRE_dimitrios_psarros: "Dimitrios Psarros"
 GRE_panagiotis_demestichas: "Panagiotis Demestichas"
 #CANADA
 CAN_mackenzie_king: "Mackenzie King"
 CAN_adrien_arcand: "Adrien Arcand"
 CAN_tim_buck: "Tim Buck"
 CAN_j_s_woodsworth: "J. S. Woodsworth"
 CAN_thomas_victor_anderson: "Thomas Victor Anderson"
 CAN_charles_foulkes: "Charles Foulkes"
 CAN_percival_john_montague: "Percival John Montague"
 CAN_bert_hoffmeister: "Bert Hoffmeister"
 CAN_leonard_w_murray: "Leonard W. Murray"
 CAN_ht_bailliegrohman: "H. T. Baillie-Grohman"
 CAN_james_d_prentice: "James D. Prentice"
 CAN_harry_dewolf: "Harry DeWolf"
 #MEXICO
 MEX_salvador_abascal: "Salvador Abascal"
 MEX_adolfo_de_la_huerta: "Adolfo de la Huerta"
 MEX_dionisio_encina: "Dionisio Encina"
 MEX_hernan_laborde: "Hernán Laborde"
 MEX_valentin_campa: "Valentín Campa"
 MEX_lazaro_cardenas: "Lázaro Cárdenas"
 MEX_juan_andreu: "Juan Andreu"
 MEX_heliodoro_charis: "Heliodoro Charis"
 MEX_gildardo_magana: "Gildardo Magaña"
 MEX_manuel_sanchez: "Manuel Sánchez"
 MEX_francisco_mugica: "Francisco Múgica"
 MEX_jesus_degollado_guizar: "Jesús Degollado Guízar"
 MEX_alberto_gorostieta_vega: "Alberto Gorostieta Vega"
 MEX_dionisio_navarro_anguiano: "Dionisio Navarro Anguiano"
 MEX_luis_maria_martinez: "Luis María Martínez"
 #NETHERLANDS (HOL)
 HOL_hendrikus_colijn: "Hendrikus Colijn"
 HOL_anton_mussert: "Anton Mussert"
 HOL_lou_de_visser: "Louis de Visser"
 HOL_dirk_jan_de_geer: "Dirk Jan de Geer"
 HOL_pieter_sjoerds_gerbrandy: "Pieter Sjoerds Gerbrandy"
 HOL_johannes_theodorus_furstner: "Johannes Theodorus Furstner"
 #DUTCH EAST INDIES
 INS_sukarno: "Sukarno"
 INS_a_t_van_starkenborgh_stachouwer: "A. T. van Starkenborgh Stachouwer"
 INS_amir_sjarifuddin_harahap: "Amir Sjarifuddin Harahap"
 INS_suharto: "Suharto"
 INS_sutan_sjahrir: "Sutan Sjahrir"
 #BRITISH RAJ
 RAJ_lord_linlithgow: "Lord Linlithgow"
 RAJ_p_krishna_pillai: "P. Krishna Pillai"
 RAJ_b_p_sitaramayya: "B. P. Sitaramayya"
 RAJ_noel_beresfordpeirse: "Noel Beresford-Peirse"
 RAJ_frank_messervy: "Frank Messervy"
 RAJ_douglas_gracey: "Douglas Gracey"
 RAJ_herbert_fitzherbert: "Herbert Fitzherbert"
 RAJ_lakshmi_sahgal: "Lakshmi Sahgal"
 RAJ_orde_wingate: "Orde Wingate"
 RAJ_kodandera_madappa_cariappa: "Kodandera Madappa Cariappa"
 RAJ_kodandera_subayya_thimayya: "Kodandera Subayya Thimayya"
 RAJ_jayanto_nath_chaudhuri: "Joyanto Nath Chaudhuri"
 #AUSTRALIA
 AST_john_curtin: "John Curtin"
 AST_eric_campbell: "Eric Campbell"
 AST_richard_dixon: "Richard Dixon"
 AST_earle_page: "Earle Page"
 AST_rod_hull: "Rod Hull"
 AST_leslie_morshead: "Leslie Morshead"
 AST_thomas_blamey: "Thomas Blamey"
 AST_henry_wynter: "Henry Wynter"
 AST_alan_vasey: "George Vasey"
 AST_horace_robertson: "Horace Robertson"
 AST_john_northcott: "John Northcott"
 AST_harold_farncomb: "Harold Farncomb"
 AST_victor_crutchley: "Victor Crutchley"
 AST_iven_mackay: "Iven Mackay"
 #SOUTH AFRICA
 SAF_j_b_m_hertzog: "J. B. M. Hertzog"
 SAF_moses_kotane: "Moses Kotane"
 SAF_pixley_ka_isaka_seme: "Pixley ka Isaka Seme"
 SAF_jan_smuts: "Jan Smuts"
 SAF_george_edwin_brink: "George Edwin Brink"
 SAF_guy_hallifax: "Guy Hallifax"
 #NEW ZEALAND
 NZL_michael_joseph_savage: "Michael Joseph Savage"
 NZL_sidney_holland: "Sidney Holland"
 NZL_john_ormond: "John Ormond"
 NZL_elsie_farrelly: "Elsie Farrelly"
 NZL_peter_fraser: "Peter Fraser"
 NZL_bernard_freyberg: "Bernard Freyberg"
 NZL_robert_row: "Robert Row"
 NZL_william_stevens: "William Stevens"
 NZL_edmund_rupert_drummond: "Edmund Rupert Drummond"
 NZL_peter_phipps: "Peter Phipps"
 #FINLAND
 FIN_risto_ryti: "Risto Ryti"
 FIN_aimo_aaltonen: "Aimo Aaltonen"
 FIN_vilho_annala: "Vilho Annala"
 FIN_kyosti_kallio: "Kyösti Kallio"
 FIN_carl_gustaf_emil_mannerheim: "Carl Gustaf Emil Mannerheim"
 FIN_erik_heinrichs: "Erik Heinrichs"
 FIN_vilho_petter_nenonen: "Vilho Petter Nenonen"
 #BRAZIL
 BRA_getulio_vargas: "Getúlio Vargas"
 BRA_arlindo_veiga_dos_santos: "Arlindo Veiga dos Santos"
 BRA_plinio_salgado: "Plínio Salgado"
 BRA_luis_carlos_prestes: "Luís Carlos Prestes"
 BRA_armando_sales: "Armando de Sales"
 BRA_eurico_gaspar_dutra: "Eurico Gaspar Dutra"
 BRA_mascarenhas_de_morais: "Mascarenhas de Moraes"
 BRA_augusto_rademaker: "Augusto Rademaker"
 #BELGIUM
 BEL_hubert_pierlot: "Hubert Pierlot"
 BEL_joseph_jacquemotte: "Joseph Jacquemotte"
 BEL_mcl_keyaerts: "M. C. L. Keyaerts"
 BEL_georges_timmermans: "Georges Timmermans"
 BEL_gilles_wyvekens: "Gilles Wyvekens"
 #PERSIA - IRAN
 PER_reza_shah_pahlavi: "Reza Shah Pahlavi"
 PER_soleyman_mirza_eskandari: "Soleiman Mirza Eskandari"
 PER_hasan_arfa: "Hasan Arfa"
 PER_dalir_pesyan: "Dalir Pesyan"
 PER_sohrab_tahmasebi: "Sohrab Tahmasebi"
 #SWITZERLAND
 SWI_federal_council: "Consejo Federal"
 SWI_federal_assembly: "Asamblea Federal"
 SWI_ernest_beuin: "Ernest Béuin"
 SWI_max_leo_keller: "Max Leo Keller"
 SWI_fritz_platten: "Fritz Platten"
 SWI_henri_guisan: "Henri Guisan"
 #ETHIOPIA
 ETH_haile_selassie: "Haile Selassie"
 ETH_fitawrari_yeebio_woldai: "Fitawrari Yeebio Woldai"
 ETH_seyoum_mengesha: "Seyum Mangasha"
 ETH_amare_makonnen: "Amare Makonnen"
 ETH_haile_mariam: "Haile Mariam"
