l_braz_por:
 VICTORY_POINTS_TOOLTIP: "§GPontos de vitória de $NAME$§! = §Y$POINTS$§!"
 VICTORY_POINTS_6521: "Berlim"
 VICTORY_POINTS_692: "Munique"
 VICTORY_POINTS_6469: "Esseno"
 VICTORY_POINTS_9347: "Hamburgo"
 VICTORY_POINTS_9570: "Breslávia"
 VICTORY_POINTS_241: "Wilhelmshaven"
 VICTORY_POINTS_321: "Rostock"
 VICTORY_POINTS_514: "Dresden"
 VICTORY_POINTS_587: "Colônia"
 VICTORY_POINTS_3326: "Brema"
 VICTORY_POINTS_3522: "Magdeburgo"
 VICTORY_POINTS_3535: "Leipzig"
 VICTORY_POINTS_6282: "Estetino"
 VICTORY_POINTS_6332: "Königsberg"
 VICTORY_POINTS_6377: "Hannover"
 VICTORY_POINTS_6389: "Kiel"
 VICTORY_POINTS_6488: "Frankfurt"
 VICTORY_POINTS_9517: "Estugarda"
 VICTORY_POINTS_11544: "Nurembergue"
 VICTORY_POINTS_6287: "Copenhague"
 VICTORY_POINTS_3325: "Odense"
 VICTORY_POINTS_6364: "Aarhus"
 VICTORY_POINTS_3544: "Varsóvia"
 VICTORY_POINTS_9427: "Cracóvia"
 VICTORY_POINTS_362: "Danzig"
 VICTORY_POINTS_3320: "Vilna"
 VICTORY_POINTS_3392: "Brest"
 VICTORY_POINTS_3393: "Grodno"
 VICTORY_POINTS_6558: "Posnânia"
 VICTORY_POINTS_9508: "Lodz"
 VICTORY_POINTS_11479: "Lviv"
 VICTORY_POINTS_11666: "Viena"
 VICTORY_POINTS_673: "Innsbruck"
 VICTORY_POINTS_688: "Salzburgo"
 VICTORY_POINTS_9648: "Graz"
 VICTORY_POINTS_11542: "Praga"
 VICTORY_POINTS_3569: "Brno"
 VICTORY_POINTS_6418: "Plzen"
 VICTORY_POINTS_6573: "Kosice"
 VICTORY_POINTS_9692: "Bratislava"
 VICTORY_POINTS_9660: "Budapeste"
 VICTORY_POINTS_11610: "Pécs"
 VICTORY_POINTS_11659: "Debrecen"
 VICTORY_POINTS_391: "Amsterdã"
 VICTORY_POINTS_3211: "Haia"
 VICTORY_POINTS_9498: "Roterdã"
 VICTORY_POINTS_6496: "Eindhoven"
 VICTORY_POINTS_516: "Bruxelas"
 VICTORY_POINTS_3516: "Namur"
 VICTORY_POINTS_6560: "Gante"
 VICTORY_POINTS_6598: "Antuérpia"
 VICTORY_POINTS_11519: "Lieja"
 VICTORY_POINTS_6583: "Luxemburgo"
 VICTORY_POINTS_11506: "Paris"
 VICTORY_POINTS_6613: "Lyon"
 VICTORY_POINTS_9737: "Bordéus"
 VICTORY_POINTS_11834: "Marselha"
 VICTORY_POINTS_575: "Dunquerque"
 VICTORY_POINTS_620: "Limoges"
 VICTORY_POINTS_678: "Mulhouse"
 VICTORY_POINTS_512: "Orleans"
 VICTORY_POINTS_3552: "Brest"
 VICTORY_POINTS_3594: "Vichy"
 VICTORY_POINTS_3652: "Dijon"
 VICTORY_POINTS_3671: "Tours"
 VICTORY_POINTS_3768: "Grenoble"
 VICTORY_POINTS_6449: "Cherburgo"
 VICTORY_POINTS_6536: "Lorient"
 VICTORY_POINTS_6657: "La Rochelle"
 VICTORY_POINTS_6766: "Toulouse"
 VICTORY_POINTS_9434: "Le Havre"
 VICTORY_POINTS_9490: "Troyes"
 VICTORY_POINTS_9495: "Rennes"
 VICTORY_POINTS_9503: "Estrasburgo"
 VICTORY_POINTS_9559: "Metz"
 VICTORY_POINTS_9642: "Besançon"
 VICTORY_POINTS_9898: "Montpellier"
 VICTORY_POINTS_9909: "Nice"
 VICTORY_POINTS_11465: "Nantes"
 VICTORY_POINTS_11483: "Lille"
 VICTORY_POINTS_11516: "Nancy"
 VICTORY_POINTS_11548: "Calais"
 VICTORY_POINTS_11563: "Ruão"
 VICTORY_POINTS_13011: "Reims"
 VICTORY_POINTS_9620: "Berna"
 VICTORY_POINTS_663: "Zurique"
 VICTORY_POINTS_6666: "Genebra"
 VICTORY_POINTS_9638: "Basileia"
 VICTORY_POINTS_658: "Coira"
 VICTORY_POINTS_9600: "Lugano"
 VICTORY_POINTS_636: "Passo de Gotardo"
 VICTORY_POINTS_11586: "Belgrado"
 VICTORY_POINTS_3868: "Dubrovnik"
 VICTORY_POINTS_3882: "Escópia"
 VICTORY_POINTS_3924: "Split"
 VICTORY_POINTS_9627: "Liubliana"
 VICTORY_POINTS_11581: "Zagreb"
 VICTORY_POINTS_11899: "Sarajevo"
 VICTORY_POINTS_9894: "Mostar"
 VICTORY_POINTS_949: "Sofia"
 VICTORY_POINTS_6923: "Plovdiv"
 VICTORY_POINTS_9783: "Varna"
 VICTORY_POINTS_9612: "Ruse"
 VICTORY_POINTS_3796: "Pleven"
 VICTORY_POINTS_6814: "Stara Zagora"
 VICTORY_POINTS_6967: "Sliven"
 VICTORY_POINTS_9888: "Yambol"
 VICTORY_POINTS_9862: "Haskovo"
 VICTORY_POINTS_9769: "Shumen"
 VICTORY_POINTS_9771: "Vidin"
 VICTORY_POINTS_9617: "Bucareste"
 VICTORY_POINTS_690: "Brasov"
 VICTORY_POINTS_3663: "Ploiesti"
 VICTORY_POINTS_6682: "Arad"
 VICTORY_POINTS_6711: "Cluj"
 VICTORY_POINTS_9716: "Iasi"
 VICTORY_POINTS_9914: "Tirana"
 VICTORY_POINTS_4109: "Atenas"
 VICTORY_POINTS_9940: "Heraclião"
 VICTORY_POINTS_11818: "Tessalônica "
 VICTORY_POINTS_6550: "Samos"
 VICTORY_POINTS_8435: "Mitilini"
 VICTORY_POINTS_11746: "Adana"
 VICTORY_POINTS_11747: "Âncara"
 VICTORY_POINTS_12029: "Antakya"
 VICTORY_POINTS_9833: "Istambul"
 VICTORY_POINTS_9861: "Konya"
 VICTORY_POINTS_947: "Bursa"
 VICTORY_POINTS_4112: "Esmirna"
 VICTORY_POINTS_9893: "Gaziantep"
 VICTORY_POINTS_9932: "Trebizonda"
 VICTORY_POINTS_11842: "Edirne"
 VICTORY_POINTS_928: "Manisa"
 VICTORY_POINTS_9799: "Balıkesir"
 VICTORY_POINTS_3856: "Kütahya"
 VICTORY_POINTS_12476: "Hakkâri"
 VICTORY_POINTS_12387: "Batman"
 VICTORY_POINTS_3862: "Yozgat"
 VICTORY_POINTS_3979: "Gümüşhane"
 VICTORY_POINTS_6807: "Karaman"
 VICTORY_POINTS_10472: "Kars"
 VICTORY_POINTS_784: "Isparta"
 VICTORY_POINTS_3938: "Madri"
 VICTORY_POINTS_9764: "Barcelona"
 VICTORY_POINTS_740: "Bilbau"
 VICTORY_POINTS_758: "La Coruña"
 VICTORY_POINTS_875: "Córdoba"
 VICTORY_POINTS_885: "Burgos"
 VICTORY_POINTS_3816: "Saragoça"
 VICTORY_POINTS_6906: "Valência"
 VICTORY_POINTS_7183: "Sevilha"
 VICTORY_POINTS_9979: "Málaga"
 VICTORY_POINTS_10024: "Múrcia"
 VICTORY_POINTS_11707: "Oviedo"
 VICTORY_POINTS_11825: "Valladolid"
 VICTORY_POINTS_4135: "Gibraltar"
 VICTORY_POINTS_11805: "Lisboa"
 VICTORY_POINTS_9817: "Porto"
 VICTORY_POINTS_9904: "Roma"
 VICTORY_POINTS_3780: "Milano"
 VICTORY_POINTS_819: "Napoli"
 VICTORY_POINTS_6626: "Trieste"
 VICTORY_POINTS_6780: "Torino"
 VICTORY_POINTS_6788: "Genova"
 VICTORY_POINTS_6606: "Bolonha"
 VICTORY_POINTS_10074: "Palermo"
 VICTORY_POINTS_11584: "Venezia"
 VICTORY_POINTS_11837: "Tarento"
 VICTORY_POINTS_6050: "Estocolmo"
 VICTORY_POINTS_9149: "Uppsala"
 VICTORY_POINTS_156: "Falun"
 VICTORY_POINTS_383: "Gotemburgo"
 VICTORY_POINTS_9279: "Malmö"
 VICTORY_POINTS_9279_DEN: "Malmø"
 VICTORY_POINTS_6345: "Helsingborg"
 VICTORY_POINTS_11114: "Karlstad"
 VICTORY_POINTS_11380: "Norrköping"
 VICTORY_POINTS_11215: "Karlskrona"
 VICTORY_POINTS_6115: "Oslo"
 VICTORY_POINTS_6115_DEN: "Christiania"
 VICTORY_POINTS_192: "Narvik"
 VICTORY_POINTS_3022: "Trondheim"
 VICTORY_POINTS_122: "Bergen"
 VICTORY_POINTS_11105: "Helsinque"
 VICTORY_POINTS_11105_SWE: "Helsingfors"
 VICTORY_POINTS_3083: "Turku"
 VICTORY_POINTS_3083_SWE: "Åbo"
 VICTORY_POINTS_3122: "Vaasa"
 VICTORY_POINTS_3122_SWE: "Vasa"
 VICTORY_POINTS_3137: "Tampere"
 VICTORY_POINTS_3137_SWE: "Tammerfors"
 VICTORY_POINTS_9206: "Vyborg"
 VICTORY_POINTS_9206_SWE: "Viborg"
 VICTORY_POINTS_3152: "Tallinn"
 VICTORY_POINTS_9221: "Tartu"
 VICTORY_POINTS_9340: "Rīga"
 VICTORY_POINTS_310: "Daugavpils"
 VICTORY_POINTS_6296: "Kaunas"
 VICTORY_POINTS_9483: "Šiauliai"
 VICTORY_POINTS_6103: "Londres"
 VICTORY_POINTS_3273: "Glasgow"
 VICTORY_POINTS_9297: "Birmingham"
 VICTORY_POINTS_351: "Newcastle"
 VICTORY_POINTS_3369: "Bristol"
 VICTORY_POINTS_3379: "Belfast"
 VICTORY_POINTS_6384: "Liverpool"
 VICTORY_POINTS_9379: "Leeds"
 VICTORY_POINTS_9392: "Edimburgo"
 VICTORY_POINTS_11293: "Dublin"
 VICTORY_POINTS_11293_DEN: "Reino de Dublin"
 VICTORY_POINTS_7394: "Cork"
 VICTORY_POINTS_6380: "Moscou"
 VICTORY_POINTS_525: "Kiev"
 VICTORY_POINTS_3529: "Stalingrado"
 VICTORY_POINTS_3151: "Leningrado"
 VICTORY_POINTS_3151_FIN: "São Petesburgo"
 VICTORY_POINTS_6474: "Stalino"
 VICTORY_POINTS_9417: "Rostov"
 VICTORY_POINTS_11375: "Gorky"
 VICTORY_POINTS_117: "Novgorod"
 VICTORY_POINTS_121: "Iaroslavl"
 VICTORY_POINTS_306: "Smolensk"
 VICTORY_POINTS_413: "Voronej"
 VICTORY_POINTS_418: "Carcóvia"
 VICTORY_POINTS_957: "Vladivostok"
 VICTORY_POINTS_1278: "Ufa"
 VICTORY_POINTS_1459: "Tashkent"
 VICTORY_POINTS_1591: "Alma-Ata"
 VICTORY_POINTS_1599: "Tbilisi"
 VICTORY_POINTS_1821: "Ecaterimburgo"
 VICTORY_POINTS_3134: "Murmansk"
 VICTORY_POINTS_3134_FIN: "Murmansk"
 VICTORY_POINTS_6181: "Kandalaksha"
 VICTORY_POINTS_6181_FIN: "Kantalahti"
 VICTORY_POINTS_3140: "Tikhvin"
 VICTORY_POINTS_3335: "Briansk"
 VICTORY_POINTS_3338: "Arcangel"
 VICTORY_POINTS_3578: "Saratov"
 VICTORY_POINTS_3580: "Kursk"
 VICTORY_POINTS_3653: "Batumi"
 VICTORY_POINTS_3672: "Grózni"
 VICTORY_POINTS_3686: "Sevastopol"
 VICTORY_POINTS_3720: "Maykop"
 VICTORY_POINTS_4724: "Krasnoyarsk"
 VICTORY_POINTS_4797: "Irkutsk"
 VICTORY_POINTS_6245: "Kalinin"
 VICTORY_POINTS_6262: "Tula"
 VICTORY_POINTS_6338: "Cazã"
 VICTORY_POINTS_7274: "Novosibirsk"
 VICTORY_POINTS_7375: "Perm"
 VICTORY_POINTS_7661: "Baku"
 VICTORY_POINTS_9288: "Gomel"
 VICTORY_POINTS_9355: "Orel"
 VICTORY_POINTS_9753: "Astracã"
 VICTORY_POINTS_10641: "Yakutsk"
 VICTORY_POINTS_10696: "Omsk"
 VICTORY_POINTS_11159: "Petrozavodsk"
 VICTORY_POINTS_11159_FIN: "Äänislinna"
 VICTORY_POINTS_11202: "Pskov"
 VICTORY_POINTS_11241: "Vitebsk"
 VICTORY_POINTS_11225: "Kuybyshev"
 VICTORY_POINTS_11370: "Minsk"
 VICTORY_POINTS_11437: "Dnipropetrovsk"
 VICTORY_POINTS_11670: "Odessa"
 VICTORY_POINTS_12189: "Khabarovsk"
 VICTORY_POINTS_12320: "Erevan"
 VICTORY_POINTS_10627: "Kyzyl"
 VICTORY_POINTS_4801: "Ulaanbaatar"
 VICTORY_POINTS_7799: "Uliastay"
 VICTORY_POINTS_7069: "Casablanca"
 VICTORY_POINTS_1145: "Argel"
 VICTORY_POINTS_11969: "Túnis"
 VICTORY_POINTS_1149: "Trípoli"
 VICTORY_POINTS_11954: "Bengasi"
 VICTORY_POINTS_1130: "Tobruk"
 VICTORY_POINTS_4076: "Alexandria"
 VICTORY_POINTS_1071: "El-Alamein"
 VICTORY_POINTS_7011: "Cairo"
 VICTORY_POINTS_4709: "Urumqi"
 VICTORY_POINTS_5033: "Lhasa"
 VICTORY_POINTS_11913: "Nanquim"
 VICTORY_POINTS_6999: "Chongqing"
 VICTORY_POINTS_7014: "Xangai"
 VICTORY_POINTS_9843: "Pequim"
 VICTORY_POINTS_1047: "Cantão"
 VICTORY_POINTS_1069: "Jinan"
 VICTORY_POINTS_3992: "Nanchang"
 VICTORY_POINTS_4196: "Fucheu"
 VICTORY_POINTS_4504: "Guiyang"
 VICTORY_POINTS_4619: "Wuhan"
 VICTORY_POINTS_4925: "Chengdu"
 VICTORY_POINTS_7071: "Xiamen"
 VICTORY_POINTS_7097: "Changsha"
 VICTORY_POINTS_7101: "Changde"
 VICTORY_POINTS_7137: "Nanning"
 VICTORY_POINTS_7191: "Hangzhou"
 VICTORY_POINTS_7222: "Hefei"
 VICTORY_POINTS_9958: "Zhengzhou"
 VICTORY_POINTS_10000: "Qingdao"
 VICTORY_POINTS_10068: "Tianjin"
 VICTORY_POINTS_10404: "Guilin"
 VICTORY_POINTS_12299: "Singapura"
 VICTORY_POINTS_1330: "Rangum"
 VICTORY_POINTS_1492: "Mandalay"
 VICTORY_POINTS_4425: "Myitkyina"
 VICTORY_POINTS_7329: "Kota Bharu"
 VICTORY_POINTS_10062: "Hong Kong"
 VICTORY_POINTS_10297: "Kuala Lumpur"
 VICTORY_POINTS_7408: "Bangkok"
 VICTORY_POINTS_1488: "Chiang Mai"
 VICTORY_POINTS_7236: "Hat Yai"
 VICTORY_POINTS_10438: "Nakhon Ratchasima"
 VICTORY_POINTS_4075: "Hanói"
 VICTORY_POINTS_4401: "Saigon"
 VICTORY_POINTS_1182: "Tóquio"
 VICTORY_POINTS_9998: "Yokohama"
 VICTORY_POINTS_7072: "Osaka"
 VICTORY_POINTS_11960: "Kyoto"
 VICTORY_POINTS_1025: "Kokura"
 VICTORY_POINTS_1092: "Hiroshima"
 VICTORY_POINTS_1117: "Niigata"
 VICTORY_POINTS_4102: "Kagoshima"
 VICTORY_POINTS_6994: "Aomori"
 VICTORY_POINTS_7087: "Shizuoka"
 VICTORY_POINTS_7169: "Sendai"
 VICTORY_POINTS_7197: "Kochi"
 VICTORY_POINTS_9950: "Nagasaki"
 VICTORY_POINTS_10032: "Kanazawa"
 VICTORY_POINTS_10125: "Nagoya"
 VICTORY_POINTS_10444: "Sapporo"
 VICTORY_POINTS_12421: "Asahikawa"
 VICTORY_POINTS_3962: "Hakodate"
 VICTORY_POINTS_12446: "Toyohara"
 VICTORY_POINTS_11932: "Naha"
 VICTORY_POINTS_1150: "Dalian"
 VICTORY_POINTS_4572: "Hsinking"
 VICTORY_POINTS_4052: "Pyongchang"
 VICTORY_POINTS_4056: "Pusan"
 VICTORY_POINTS_7125: "Seoul"
 VICTORY_POINTS_7186: "Taipé"
 VICTORY_POINTS_10433: "Harbin"
 VICTORY_POINTS_11771: "Mukden"
 VICTORY_POINTS_10265: "Manila"
 VICTORY_POINTS_1221: "Batangas"
 VICTORY_POINTS_1415: "Dagupan"
 VICTORY_POINTS_4241: "Davao"
 VICTORY_POINTS_4288: "Calapan"
 VICTORY_POINTS_12118: "Cebu"
 VICTORY_POINTS_12213: "Aparri"
 VICTORY_POINTS_7381: "Batavia"
 VICTORY_POINTS_4608: "Surabaia"
 VICTORY_POINTS_4652: "Medan"
 VICTORY_POINTS_10237: "Balikpapan"
 VICTORY_POINTS_10263: "Macáçar"
 VICTORY_POINTS_12268: "Palimbão"
 VICTORY_POINTS_12371: "Hollandia"
 VICTORY_POINTS_7859: "Camberra"
 VICTORY_POINTS_7798: "Melbourne"
 VICTORY_POINTS_12406: "Sydney"
 VICTORY_POINTS_1652: "Perth"
 VICTORY_POINTS_7520: "Newcastle"
 VICTORY_POINTS_7564: "Brisbane"
 VICTORY_POINTS_7566: "Townsville"
 VICTORY_POINTS_7669: "Darwin"
 VICTORY_POINTS_12910: "Adelaide"
 VICTORY_POINTS_1814: "Wellington"
 VICTORY_POINTS_2197: "Christchurch"
 VICTORY_POINTS_2211: "Dunedin"
 VICTORY_POINTS_4543: "Auckland"
 VICTORY_POINTS_1349: "Bombaim"
 VICTORY_POINTS_2086: "Deli"
 VICTORY_POINTS_4245: "Calcutá"
 VICTORY_POINTS_10278: "Madras"
 VICTORY_POINTS_4987: "Catmandu"
 VICTORY_POINTS_8010: "Punakha"
 VICTORY_POINTS_2097: "Bagdá"
 VICTORY_POINTS_2089: "Baçorá"
 VICTORY_POINTS_10106: "Mossul"
 VICTORY_POINTS_10760: "Mascate"
 VICTORY_POINTS_10840: "Saná"
 VICTORY_POINTS_12727: "Riade"
 VICTORY_POINTS_792: "Beirut"
 VICTORY_POINTS_4111: "Damasco"
 VICTORY_POINTS_12473: "Alepo"
 VICTORY_POINTS_1086: "Jerusalém"
 VICTORY_POINTS_7151: "Amã"
 VICTORY_POINTS_10837: "Teerã"
 VICTORY_POINTS_1896: "Tabriz"
 VICTORY_POINTS_2026: "Isfahan"
 VICTORY_POINTS_5029: "Mashhad"
 VICTORY_POINTS_7953: "Ahvaz"
 VICTORY_POINTS_8117: "Xiraz"
 VICTORY_POINTS_10913: "Kerman"
 VICTORY_POINTS_10737: "Cabul"
 VICTORY_POINTS_4893: "Herat"
 VICTORY_POINTS_3957: "Washington"
 VICTORY_POINTS_3878: "Nova York"
 VICTORY_POINTS_9450: "Chicago"
 VICTORY_POINTS_9814: "Los Angeles"
 VICTORY_POINTS_10337: "Houston"
 VICTORY_POINTS_788: "Norfolk"
 VICTORY_POINTS_853: "Phoenix"
 VICTORY_POINTS_1562: "San Diego"
 VICTORY_POINTS_1595: "Indianápolis"
 VICTORY_POINTS_1690: "Spokane"
 VICTORY_POINTS_1747: "Rapid City"
 VICTORY_POINTS_1770: "Des Moines"
 VICTORY_POINTS_1806: "Tulsa"
 VICTORY_POINTS_1827: "Denver"
 VICTORY_POINTS_1836: "Bismarck"
 VICTORY_POINTS_1843: "Miami"
 VICTORY_POINTS_1866: "Minneapolis"
 VICTORY_POINTS_3960: "Dallas"
 VICTORY_POINTS_4569: "Saint Louis"
 VICTORY_POINTS_4860: "Great Falls"
 VICTORY_POINTS_4865: "Salt Lake City"
 VICTORY_POINTS_6696: "Louisville"
 VICTORY_POINTS_6710: "Detroit"
 VICTORY_POINTS_6732: "Boston"
 VICTORY_POINTS_6845: "Filadélfia"
 VICTORY_POINTS_6855: "Columbus"
 VICTORY_POINTS_6890: "Cleveland"
 VICTORY_POINTS_7138: "Charlotte"
 VICTORY_POINTS_7202: "Charleston"
 VICTORY_POINTS_7315: "Seattle"
 VICTORY_POINTS_7480: "Mobile"
 VICTORY_POINTS_7552: "Nova Orleans"
 VICTORY_POINTS_9671: "São Francisco"
 VICTORY_POINTS_9713: "Sacramento"
 VICTORY_POINTS_10370: "Springfield"
 VICTORY_POINTS_10717: "Kansas City"
 VICTORY_POINTS_11654: "Buffalo"
 VICTORY_POINTS_11800: "Pittsburgh"
 VICTORY_POINTS_3513: "Portland"
 VICTORY_POINTS_12357: "Milwaukee"
 VICTORY_POINTS_12384: "Atlanta"
 VICTORY_POINTS_12459: "Bangor"
 VICTORY_POINTS_12489: "Little Rock"
 VICTORY_POINTS_12501: "Nashville"
 VICTORY_POINTS_12586: "Omaha"
 VICTORY_POINTS_12735: "Birmingham"
 VICTORY_POINTS_12782: "San Antonio"
 VICTORY_POINTS_13090: "Unalaska"
 VICTORY_POINTS_13091: "Anchorage"
 VICTORY_POINTS_3778: "Ottawa"
 VICTORY_POINTS_3775: "Toronto"
 VICTORY_POINTS_1408: "Vancouver"
 VICTORY_POINTS_3010: "Edmonton"
 VICTORY_POINTS_4345: "Montreal"
 VICTORY_POINTS_4872: "Winnipeg"
 VICTORY_POINTS_7361: "Halifax"
 VICTORY_POINTS_12149: "Quebec"
 VICTORY_POINTS_1965: "Cidade do México"
 VICTORY_POINTS_4956: "San Luis Potosí"
 VICTORY_POINTS_12810: "Veracruz"
 VICTORY_POINTS_12835: "Monterrey"
 VICTORY_POINTS_13089: "Guadalajara"
 VICTORY_POINTS_10886: "Guatemala"
 VICTORY_POINTS_12823: "San Salvador"
 VICTORY_POINTS_12865: "Tegucigalpa"
 VICTORY_POINTS_12738: "Manágua"
 VICTORY_POINTS_13087: "San José"
 VICTORY_POINTS_7630: "Panamá"
 VICTORY_POINTS_7622: "Havana"
 VICTORY_POINTS_7590: "Guantánamo"
 VICTORY_POINTS_4641: "Porto Príncipe"
 VICTORY_POINTS_7660: "Santo Domingo"
 VICTORY_POINTS_4598: "Santiago de los Caballeros"
 VICTORY_POINTS_12885: "Cayenne"
 VICTORY_POINTS_10747: "Bogotá"
 VICTORY_POINTS_2023: "Medellín"
 VICTORY_POINTS_12790: "Cartagena"
 VICTORY_POINTS_8113: "Caracas"
 VICTORY_POINTS_1944: "Maracaibo"
 VICTORY_POINTS_12798: "Quito"
 VICTORY_POINTS_12997: "Lima"
 VICTORY_POINTS_2210: "Arequipa"
 VICTORY_POINTS_5230: "La Paz"
 VICTORY_POINTS_2152: "Assunção"
 VICTORY_POINTS_10980: "Rio de Janeiro"
 VICTORY_POINTS_5107: "Fortaleza"
 VICTORY_POINTS_5168: "Recife"
 VICTORY_POINTS_10447: "Porto Alegre"
 VICTORY_POINTS_10513: "São Paulo"
 VICTORY_POINTS_10946: "Salvador"
 VICTORY_POINTS_12853: "Belém"
 VICTORY_POINTS_10362: "Montevidéu"
 VICTORY_POINTS_12364: "Buenos Aires"
 VICTORY_POINTS_7500: "Rosário"
 VICTORY_POINTS_7621: "Mar del Plata"
 VICTORY_POINTS_8216: "Tucumán"
 VICTORY_POINTS_12942: "Córdoba"
 VICTORY_POINTS_650: "Santiago"
 VICTORY_POINTS_10400: "Pretória"
 VICTORY_POINTS_1468: "Durban"
 VICTORY_POINTS_4696: "Porto Elizabeth"
 VICTORY_POINTS_12589: "Cidade do Cabo"
 VICTORY_POINTS_8245: "Lourenço Marques"
 VICTORY_POINTS_8248: "Luanda"
 VICTORY_POINTS_10966: "Nova Lisboa"
 VICTORY_POINTS_10929: "Salisbúria"
 VICTORY_POINTS_191: "Elisabethville"
 VICTORY_POINTS_5117: "Leopoldville"
 VICTORY_POINTS_5139: "Libreville"
 VICTORY_POINTS_8193: "Brazzaville"
 VICTORY_POINTS_5210: "Mombaça"
 VICTORY_POINTS_2050: "Lagos"
 VICTORY_POINTS_7959: "Monróvia"
 VICTORY_POINTS_4948: "Dakar"
 VICTORY_POINTS_12766: "Maçuá"
 VICTORY_POINTS_12806: "Cartum"
 VICTORY_POINTS_1269: "Guadalcanal"
 VICTORY_POINTS_3995: "Saipã"
 VICTORY_POINTS_4180: "Honolulu"
 VICTORY_POINTS_4226: "Buin"
 VICTORY_POINTS_4268: "Nouméa"
 VICTORY_POINTS_4329: "Porto Moresby"
 VICTORY_POINTS_2489: "Truk"
 VICTORY_POINTS_4357: "North Palau"
 VICTORY_POINTS_7251: "Rabaul"
 VICTORY_POINTS_7290: "Apia"
 VICTORY_POINTS_7302: "Suva"
 VICTORY_POINTS_12021: "Hilo"
 VICTORY_POINTS_12120: "Porto Vila"
 VICTORY_POINTS_12140: "Hagatna"
 VICTORY_POINTS_12148: "Pape'ete"
 VICTORY_POINTS_12237: "Lae"
 VICTORY_POINTS_13021: "Tarawa"
 VICTORY_POINTS_13025: "Iwo Jima"
 VICTORY_POINTS_13028: "Yap"
 VICTORY_POINTS_13038: "Nauru"
 VICTORY_POINTS_13041: "Kwajalein"
 VICTORY_POINTS_13046: "Eniwetok"
 VICTORY_POINTS_13047: "Wake"
 VICTORY_POINTS_13052: "Midway"
 VICTORY_POINTS_4286: "Suva"
 VICTORY_POINTS_5010: "Adis Abeba"
 VICTORY_POINTS_1984: "Gondar"
 VICTORY_POINTS_7980: "Dire Dawa"
 VICTORY_POINTS_1319: "Kunming"
 VICTORY_POINTS_8049: "Yan'an"
 VICTORY_POINTS_1519: "Taiyuan"
 VICTORY_POINTS_377: "Cardiff"
 VICTORY_POINTS_495: "Dortmund"
 VICTORY_POINTS_540: "Plymouth"
 VICTORY_POINTS_657: "Constança"
 VICTORY_POINTS_778: "Annecy"
 VICTORY_POINTS_904: "Adapazarı"
 VICTORY_POINTS_911: "Toulon"
 VICTORY_POINTS_925: "Ancona"
 VICTORY_POINTS_1005: "Antália"
 VICTORY_POINTS_1048: "Cádis"
 VICTORY_POINTS_1070: "Haikou"
 VICTORY_POINTS_1273: "Goa"
 VICTORY_POINTS_1440: "San Juan"
 VICTORY_POINTS_1751: "Ponta Delgada"
 VICTORY_POINTS_2038: "Freetown"
 VICTORY_POINTS_2045: "Tianshui"
 VICTORY_POINTS_2189: "Hobart"
 VICTORY_POINTS_2196: "Dar es Salaam"
 VICTORY_POINTS_3456: "Karachi"
 VICTORY_POINTS_3501: "Dover"
 VICTORY_POINTS_3838: "Ajáccio"
 VICTORY_POINTS_4159: "Messina"
 VICTORY_POINTS_4189: "Macau"
 VICTORY_POINTS_4206: "Tel Aviv"
 VICTORY_POINTS_4464: "Biloxi"
 VICTORY_POINTS_5074: "Áden"
 VICTORY_POINTS_6300: "Rosyth"
 VICTORY_POINTS_3561: "Erfurt"
 VICTORY_POINTS_6882: "Newark"
 VICTORY_POINTS_6973: "La Spezia"
 VICTORY_POINTS_6984: "Baltimore"
 VICTORY_POINTS_7132: "Orã"
 VICTORY_POINTS_7371: "Brunei"
 VICTORY_POINTS_7617: "Colón"
 VICTORY_POINTS_7940: "Golmud"
 VICTORY_POINTS_7960: "Abu Dhabi"
 VICTORY_POINTS_7965: "Dali"
 VICTORY_POINTS_7982: "Bandar e'Abbas"
 VICTORY_POINTS_8085: "Cidade de Kuwait"
 VICTORY_POINTS_8252: "Guaiaquil"
 VICTORY_POINTS_9108: "Luleå"
 VICTORY_POINTS_9147: "Haparanda"
 VICTORY_POINTS_9458: "Portsmouth"
 VICTORY_POINTS_9832: "Providence"
 VICTORY_POINTS_9907: "Firenze"
 VICTORY_POINTS_9945: "Ceuta"
 VICTORY_POINTS_9974: "Ningbo"
 VICTORY_POINTS_9975: "Ahmadabad"
 VICTORY_POINTS_9994: "Bizerta"
 VICTORY_POINTS_10007: "Rodes"
 VICTORY_POINTS_10007_ITA: "Rodi"
 VICTORY_POINTS_10201: "Triquinimale"
 VICTORY_POINTS_10367: "Ilha Attu"
 VICTORY_POINTS_10862: "Acra"
 VICTORY_POINTS_11064: "Scapa Flow"
 VICTORY_POINTS_271: "Norwich"
 VICTORY_POINTS_11297: "Hull"
 VICTORY_POINTS_11435: "Bitburg"
 VICTORY_POINTS_12674: "Reiquiavique"
 VICTORY_POINTS_11810: "Tarsus"
 VICTORY_POINTS_11773: "Caligari"
 VICTORY_POINTS_11833: "Livorno"
 VICTORY_POINTS_11846: "Anzio"
 VICTORY_POINTS_12003: "Valletta"
 VICTORY_POINTS_12068: "Gaoxiong"
 VICTORY_POINTS_12725: "Porto Sudão"
 VICTORY_POINTS_12732: "Xining" #Was Lanzhou, should be Xining
 VICTORY_POINTS_2022: "Lanzhou"
 VICTORY_POINTS_8127: "Yinchuan"
 VICTORY_POINTS_12758: "Medina"
 VICTORY_POINTS_12883: "Jidá"
 VICTORY_POINTS_12991: "Mogadiscio"
 VICTORY_POINTS_6318: "Manchester"
 VICTORY_POINTS_11405: "Zaporozhe"
 VICTORY_POINTS_11561: "Kryvyi Rih"
 VICTORY_POINTS_9461: "Voroshilovgrad"
 VICTORY_POINTS_3734: "Krasnodar"
 VICTORY_POINTS_11349: "Rjev"
 VICTORY_POINTS_8011: "Bangalore"
 VICTORY_POINTS_8087: "Hyderabad"
 VICTORY_POINTS_11929: "Dacca"
 VICTORY_POINTS_4516: "Patna"
 VICTORY_POINTS_12137: "Lucknow"
 VICTORY_POINTS_9292: "Cheliabinsk"
 VICTORY_POINTS_4333: "Astana"
 VICTORY_POINTS_11752: "Zhangbei"
 VICTORY_POINTS_7418: "Xi'an"
 VICTORY_POINTS_4879: "Windhoek"
 VICTORY_POINTS_10412: "Richmond"
 VICTORY_POINTS_12715: "Mérida"
 VICTORY_POINTS_4904: "Campeche"
 VICTORY_POINTS_1900: "Tuxtla Gutiérrez"
 VICTORY_POINTS_12461: "Tijuana"
 VICTORY_POINTS_10769: "Reynosa"
 VICTORY_POINTS_5015: "Matamoros"
 VICTORY_POINTS_10889: "Coatzacoalcos"
 VICTORY_POINTS_2021: "Villahermosa"
 VICTORY_POINTS_8089: "Puebla"
 VICTORY_POINTS_8097: "Juárez"
 VICTORY_POINTS_2008: "León"
 VICTORY_POINTS_7921: "Durango"
 VICTORY_POINTS_8057: "Culiacán"
 VICTORY_POINTS_10895: "Mazatlán"
 VICTORY_POINTS_12736: "La Paz"
 VICTORY_POINTS_10830: "Chihuahua"
 VICTORY_POINTS_1892: "Ensenada"
 VICTORY_POINTS_4908: "Guaymas"
 VICTORY_POINTS_10765: "Hermosillo"
 VICTORY_POINTS_4977: "Ciudad Obregón"
 VICTORY_POINTS_2060: "Nuevo Laredo"
 VICTORY_POINTS_12811: "Piedras Negras"
 VICTORY_POINTS_10730: "Acapulco"
 VICTORY_POINTS_10172: "Aguascalientes"
 VICTORY_POINTS_4887: "Morelia"
 VICTORY_POINTS_8032: "Manzanillo"
 VICTORY_POINTS_12746: "Puerto Vallarta"
 VICTORY_POINTS_5071: "Agua Prieta"
 VICTORY_POINTS_4965: "Cancún"
 VICTORY_POINTS_6526: "Truro"
 VICTORY_POINTS_4989: "Banjul"
 VICTORY_POINTS_12891: "Bissau"
 VICTORY_POINTS_1909: "Conakry"
 VICTORY_POINTS_10803: "Abidjan"
 VICTORY_POINTS_4927: "Bamako"
 VICTORY_POINTS_10836: "Ouagadougou"
 VICTORY_POINTS_2056: "Niamey"
 VICTORY_POINTS_1951: "Lome"
 VICTORY_POINTS_10919: "Porto Novo"
 VICTORY_POINTS_2080: "Yaoundé"
 VICTORY_POINTS_1903: "Malabo"
 VICTORY_POINTS_2081: "N'Djamena"
 VICTORY_POINTS_12830: "Bangui"
 VICTORY_POINTS_8214: "Gaborone"
 VICTORY_POINTS_5199: "Lusaka"
 VICTORY_POINTS_12986: "Lilongwe"
 VICTORY_POINTS_2220: "Bujumbura"
 VICTORY_POINTS_9962: "Kigali"
 VICTORY_POINTS_12989: "Kampala"
 VICTORY_POINTS_1939: "Nairobi"
 VICTORY_POINTS_8124: "Djibuti"
 VICTORY_POINTS_2077: "Belize"
 VICTORY_POINTS_12304: "Kingston"
 VICTORY_POINTS_10254: "Nassau"
 VICTORY_POINTS_9377: "Pointe-à-Pitre"
 VICTORY_POINTS_3284: "Porto da Espanha"
 VICTORY_POINTS_10906: "Paramaribo"
 VICTORY_POINTS_4982: "Georgetown"
 VICTORY_POINTS_8051: "Doha"
 VICTORY_POINTS_1384: "Stalinabad"
 VICTORY_POINTS_12333: "Ashkhabad"
 VICTORY_POINTS_12583: "Frunze"
 VICTORY_POINTS_3707: "Chisinău"
 VICTORY_POINTS_5128: "Antananarivo"
 VICTORY_POINTS_11984: "Nicosia"
 VICTORY_POINTS_13215: "Mexicali"
 VICTORY_POINTS_6241: "Utrecht"
 VICTORY_POINTS_9335: "Groningen"
 VICTORY_POINTS_6336: "Leeuwarden"
 VICTORY_POINTS_9363: "Arnhem"
 VICTORY_POINTS_3262: "Breda"
 VICTORY_POINTS_11562: "Maastricht"
 VICTORY_POINTS_13068: "Leuven"
 VICTORY_POINTS_3576: "Kortrijk"
 VICTORY_POINTS_9536: "Charleroi"
 VICTORY_POINTS_5034: "Nouakchott"
 VICTORY_POINTS_8038: "Laayoune"
 VICTORY_POINTS_11350: "Bridgetown"
 VICTORY_POINTS_4967: "Malé"
 VICTORY_POINTS_9315: "Sheffield"
 VICTORY_POINTS_153: "Willemstad"
 VICTORY_POINTS_7376: "Phnom Penh"
 VICTORY_POINTS_1464: "Vientiane"
 VICTORY_POINTS_6464: "Katowice"
 VICTORY_POINTS_11467: "Gleiwitz"
 VICTORY_POINTS_9511: "Oppeln"
 VICTORY_POINTS_552: "Liegnitz"
 VICTORY_POINTS_3545: "Waldenburg"
 VICTORY_POINTS_11430: "Kielce"
 VICTORY_POINTS_3458: "Radom"
 VICTORY_POINTS_562: "Ostrowiec"
 VICTORY_POINTS_3230: "Płock"
 VICTORY_POINTS_6375: "Allenstein"
 VICTORY_POINTS_11386: "Lyck"
 VICTORY_POINTS_3254: "Suwałki"
 VICTORY_POINTS_11301: "Białystok"
 VICTORY_POINTS_560: "Pińsk"
 VICTORY_POINTS_11411: "Stanisławów"
 VICTORY_POINTS_6483: "Drohobych"
 VICTORY_POINTS_3483: "Tarnopol"
 VICTORY_POINTS_513: "Kowel"
 VICTORY_POINTS_572: "Łuck"
 VICTORY_POINTS_6557: "Równe"
 VICTORY_POINTS_11399: "Lublin"
 VICTORY_POINTS_9544: "Biała Podlaska"
 VICTORY_POINTS_402: "Siedlce"
 VICTORY_POINTS_442: "Tarnów"
 VICTORY_POINTS_3295: "Toruń"
 VICTORY_POINTS_279: "Bydgoszcz"
 VICTORY_POINTS_6314: "Palanga"
 VICTORY_POINTS_9262: "Liepāja"
 VICTORY_POINTS_9289: "Mogilev"
 VICTORY_POINTS_3350: "Bobruysk"
 VICTORY_POINTS_11313: "Salihorsk"
 VICTORY_POINTS_9304: "Baranowicze"
 VICTORY_POINTS_6593: "Zhytomyr"
 VICTORY_POINTS_3457: "Proskuriv" #Should not be called Khmelnytskyi until 1954
 VICTORY_POINTS_476: "Vinnytsia"
 VICTORY_POINTS_488: "Cherkasy"
 VICTORY_POINTS_11683: "Mykolaiv"
 VICTORY_POINTS_11504: "Poltava"
 VICTORY_POINTS_3520: "Sumy"
 VICTORY_POINTS_9566: "Shostka"
 VICTORY_POINTS_9449: "Belgorod"
 VICTORY_POINTS_3568: "Chernigov"
 VICTORY_POINTS_11597: "Dobrich"
 VICTORY_POINTS_577: "Cernăuti"
 VICTORY_POINTS_3548: "Mukacevo"
 VICTORY_POINTS_11539: "Žilina"
 VICTORY_POINTS_3583: "Ostrava"
 VICTORY_POINTS_6562: "Olomouc"
 VICTORY_POINTS_9569: "Tábor"
 VICTORY_POINTS_9541: "Budweis"
 VICTORY_POINTS_3585: "Carlsbad"
 VICTORY_POINTS_11432: "Aussig"
 VICTORY_POINTS_11401: "Liberec"
 VICTORY_POINTS_3473: "Küstrin"
 VICTORY_POINTS_9388: "Stralsund"
 VICTORY_POINTS_11305: "Lübeck"
 VICTORY_POINTS_11372: "Köslin"
 VICTORY_POINTS_9606: "Timisoara"
 VICTORY_POINTS_619: "Novi Sad"
 VICTORY_POINTS_6983: "Banja Luka"
 VICTORY_POINTS_564: "Kassel"
 VICTORY_POINTS_425: "Weimar"
 VICTORY_POINTS_11360: "Emden"
 VICTORY_POINTS_11388: "Münster"
 VICTORY_POINTS_9509: "Hamm"
 VICTORY_POINTS_3423: "Koblenz"
 VICTORY_POINTS_9575: "Trier"
 VICTORY_POINTS_11531: "Saarbrücken"
 VICTORY_POINTS_549: "Haguenau"
 VICTORY_POINTS_6529: "Colmar"
 VICTORY_POINTS_3530: "Karlsruhe"
 VICTORY_POINTS_11499: "Ulm"
 VICTORY_POINTS_6712: "Freiburg"
 VICTORY_POINTS_11640: "Müllheim"
 VICTORY_POINTS_708: "Augsburg"
 VICTORY_POINTS_3673: "Klagenfurt"
 VICTORY_POINTS_9665: "Wels"
 VICTORY_POINTS_732: "Linz"
 VICTORY_POINTS_11612: "Villach"
 VICTORY_POINTS_11564: "Rijeka"
 VICTORY_POINTS_11564_ITA: "Fiume"
 VICTORY_POINTS_9809: "Podgorica"
 VICTORY_POINTS_9602: "Niš"
 VICTORY_POINTS_10203: "Corfu"
 VICTORY_POINTS_3914: "Ioannina"
 VICTORY_POINTS_1205: "Agrinio"
 VICTORY_POINTS_3844: "Kateríni"
 VICTORY_POINTS_3973: "Larissa"
 VICTORY_POINTS_863: "Karditsa"
 VICTORY_POINTS_3864: "Volos"
 VICTORY_POINTS_976: "Lamia"
 VICTORY_POINTS_7127: "Chalcis"
 VICTORY_POINTS_3988: "Kórinthos"
 VICTORY_POINTS_7211: "Patras"
 VICTORY_POINTS_7096: "Argos"
 VICTORY_POINTS_11965: "Kalamáta"
 VICTORY_POINTS_12058: "Chania"
 VICTORY_POINTS_7193: "Limassol"
 VICTORY_POINTS_11767: "Vlorë"
 VICTORY_POINTS_12049: "Port Said"
 VICTORY_POINTS_4073: "Suez"
 VICTORY_POINTS_3996: "Giza"
 VICTORY_POINTS_11999: "Aswan"
 VICTORY_POINTS_2096: "Juba"
 VICTORY_POINTS_10833: "Berbera"
 VICTORY_POINTS_5068: "Hargeisa"
 VICTORY_POINTS_3581: "Prešov"
 VICTORY_POINTS_3288: "Memel"
 VICTORY_POINTS_3547: "Bonn"
 VICTORY_POINTS_3444: "Düsseldorf"
 VICTORY_POINTS_11905: "Alexandroupolis"
 VICTORY_POINTS_6652: "Craiova"
 VICTORY_POINTS_6727: "Cetatea Albă"
 VICTORY_POINTS_721: "Kherson"
 VICTORY_POINTS_406: "Mołodeczno"
 VICTORY_POINTS_11598: "Bolzano"
 VICTORY_POINTS_651: "Châteauroux"
 VICTORY_POINTS_8066: "Khuzdar"
 VICTORY_POINTS_5105: "Quetta"
 VICTORY_POINTS_12763: "Peshawar"
 VICTORY_POINTS_10887: "Lahore"
 VICTORY_POINTS_1910: "Kotli"
 VICTORY_POINTS_2054: "Jaipur"
 VICTORY_POINTS_53: "Stavanger"
 VICTORY_POINTS_9116: "Kirkenes"
 VICTORY_POINTS_11050: "Tromsø"
 VICTORY_POINTS_9296: "Kristiansand"
 VICTORY_POINTS_11420: "Amiens"
 VICTORY_POINTS_485: "Dieppe"
 VICTORY_POINTS_4611: "San José de David"
 VICTORY_POINTS_10879: "San Félix" #Was called Ciudad Guayana, which became it's name in 1961
 VICTORY_POINTS_4975: "Albuquerque"
 VICTORY_POINTS_4740: "Wichita"
 VICTORY_POINTS_7834: "Topeka"
 VICTORY_POINTS_9616: "Boise"
 VICTORY_POINTS_9515: "Regensburg"
 VICTORY_POINTS_11234: "Velikiye Luki"
 VICTORY_POINTS_9098: "Luga"
 VICTORY_POINTS_11336: "Roslavl"
 VICTORY_POINTS_382: "Kaluga"
 VICTORY_POINTS_9197: "Volkhov"
 VICTORY_POINTS_4354: "Sterlitamak"
 VICTORY_POINTS_10256: "Magnitogorsk"
 VICTORY_POINTS_6502: "Balakovo"
 VICTORY_POINTS_10312: "Kostanay"
 VICTORY_POINTS_11537: "Ural'sk"
 VICTORY_POINTS_3618: "Guryev"
 VICTORY_POINTS_392: "Ulyanovsk"
 VICTORY_POINTS_9258: "Penza"
 VICTORY_POINTS_6269: "Ivanovo"
 VICTORY_POINTS_6398: "Lipetsk"
 VICTORY_POINTS_11351: "Tambov"
 VICTORY_POINTS_11248: "Ryazan"
 VICTORY_POINTS_9131: "Vologda"
 VICTORY_POINTS_11476: "Millerovo"
 VICTORY_POINTS_775: "Salsk"
 VICTORY_POINTS_11724: "Elista" #(Was Elitsa), which is an incorrect spelling of the area, and merely a feminine Bulgarian name
 VICTORY_POINTS_11696: "Stavropol"
 VICTORY_POINTS_9628: "Ordzhonikidze"
 VICTORY_POINTS_9663: "Sochi"
 VICTORY_POINTS_719: "Novorossysk"
 VICTORY_POINTS_487: "Mikhaylovka"
 VICTORY_POINTS_12038: "Almería"
 VICTORY_POINTS_1176: "Granada"
 VICTORY_POINTS_6902: "Badajoz"
 VICTORY_POINTS_3874: "Salamanca"
 VICTORY_POINTS_858: "Toledo"
 VICTORY_POINTS_6832: "Ciudad Real"
 VICTORY_POINTS_6734: "Vigo"
 VICTORY_POINTS_9793: "Palma de Mallorca"
 VICTORY_POINTS_13071: "Santa Cruz de Tenerife"
 VICTORY_POINTS_4098: "Alicante"
 VICTORY_POINTS_3945: "Cuenca"
 VICTORY_POINTS_9840: "Huesca"
 VICTORY_POINTS_7213: "Teruel"
 VICTORY_POINTS_6966: "Tortosa"
 VICTORY_POINTS_6927: "Gerona"
 VICTORY_POINTS_3790: "Portimão"
 VICTORY_POINTS_6880: "Faro"
 VICTORY_POINTS_9869: "Évora"
 VICTORY_POINTS_9787: "Viseu"
 VICTORY_POINTS_6996: "Guarda"
 VICTORY_POINTS_11673: "Braga"
 VICTORY_POINTS_3798: "Coimbra"
 VICTORY_POINTS_3118: "Funchal"
 VICTORY_POINTS_10329: "Zlatoust"
 VICTORY_POINTS_4824: "Tyumen"
 VICTORY_POINTS_12594: "Semipalatinsk"
 VICTORY_POINTS_1668: "Ayaguz"
 VICTORY_POINTS_1794: "Barnaul"
 VICTORY_POINTS_7789: "Tomsk"
 VICTORY_POINTS_7757: "Kemerovo"
 VICTORY_POINTS_7822: "Novokuznetsk"
 VICTORY_POINTS_6124: "Kirov"
 VICTORY_POINTS_9680: "Kerch"
 VICTORY_POINTS_6704: "Yalta"
 VICTORY_POINTS_10056: "Mersin"
 VICTORY_POINTS_6977: "Kayseri"
 VICTORY_POINTS_3951: "Eskişehir"
 VICTORY_POINTS_4512: "Diyarbakır"
 VICTORY_POINTS_11881: "Samsun"
 VICTORY_POINTS_9823: "Şanlıurfa"
 VICTORY_POINTS_7620: "Malatya"
 VICTORY_POINTS_6813: "Kahramanmaraş"
 VICTORY_POINTS_11811: "İzmit"
 VICTORY_POINTS_6995: "Sinop"
 VICTORY_POINTS_6938: "Kastamonu"
 VICTORY_POINTS_11853: "Erzurum"
 VICTORY_POINTS_6935: "Van"
 VICTORY_POINTS_9777: "Sivas"
 VICTORY_POINTS_10041: "Denizli"
 VICTORY_POINTS_7530: "Cizîr"
 VICTORY_POINTS_10497: "Sêrt"
 VICTORY_POINTS_12376: "Qerekose"
 VICTORY_POINTS_876: "Xarpêt"
 VICTORY_POINTS_9868: "Erzîngan"
 VICTORY_POINTS_886: "Kahramanmaraş"
 VICTORY_POINTS_804: "Kırıkkale"
 VICTORY_POINTS_9878: "Afyon"
 VICTORY_POINTS_9860: "Tunceli"
 VICTORY_POINTS_3942: "Deir az-Zur"
 VICTORY_POINTS_1056: "Homs"
 VICTORY_POINTS_6706: "Galati"
 VICTORY_POINTS_7476: "Belo Horizonte"
 VICTORY_POINTS_10999: "Vitória" #was vila velha
 VICTORY_POINTS_5112: "Santos"
 VICTORY_POINTS_9902: "Burgas"
 VICTORY_POINTS_12141: "Ya'an"
 VICTORY_POINTS_7294: "Liangshan"
 VICTORY_POINTS_10856: "Chamdo"
 VICTORY_POINTS_4999: "Kangding"
 VICTORY_POINTS_1010: "Zunyi"
 VICTORY_POINTS_10076: "Suzhou"
 VICTORY_POINTS_12019: "Huangshan"
 VICTORY_POINTS_6232: "Mozyr"
 VICTORY_POINTS_13010: "Hamilton"
 VICTORY_POINTS_4108: "Marrakech"
 VICTORY_POINTS_7081: "Annaba"
 VICTORY_POINTS_12051: "Constantine"
 VICTORY_POINTS_12034: "Batna"
 VICTORY_POINTS_11921: "Sfax"
 VICTORY_POINTS_7005: "Gabès"
 VICTORY_POINTS_3560: "Sedan"
 VICTORY_POINTS_1208: "Kuching"
 VICTORY_POINTS_726: "León"
 VICTORY_POINTS_3933: "Pamplona"
 VICTORY_POINTS_3954: "Caspe"
 VICTORY_POINTS_12857: "Sidi Ifni"
 VICTORY_POINTS_924: "Santarém"
 VICTORY_POINTS_6933: "Beja"
 VICTORY_POINTS_970: "Setúbal"
 VICTORY_POINTS_2115: "Namibe"
 VICTORY_POINTS_3916: "Erbil"
 VICTORY_POINTS_6826: "Sulaymaniyah"
 VICTORY_POINTS_12413: "Rumadiyah"
 VICTORY_POINTS_7994: "Karbala"
 VICTORY_POINTS_8001: "Najaf"
 VICTORY_POINTS_1549: "Qamishli"
 VICTORY_POINTS_6883: "Ayn al-Arab"
 VICTORY_POINTS_1065: "an-Nāsira"
 VICTORY_POINTS_11976: "Ma'an"
 VICTORY_POINTS_5098: "Kermānshāhān"
 VICTORY_POINTS_8040: "Hamedan"
 VICTORY_POINTS_4943: "Sanandaj"
 VICTORY_POINTS_7604: "Orumiyeh"
 VICTORY_POINTS_7969: "Karaj"
 VICTORY_POINTS_4901: "Ardabil"
 VICTORY_POINTS_1822: "Mahabad"
 VICTORY_POINTS_2065: "Arak"
 VICTORY_POINTS_12832: "Bushehr"
 VICTORY_POINTS_4928: "Yasuj"
 VICTORY_POINTS_8031: "Yazd"
 VICTORY_POINTS_7990: "Birjand"
 VICTORY_POINTS_8093: "Shahroud"
 VICTORY_POINTS_10782: "Iransahr"
 VICTORY_POINTS_6940: "Prishtina"
 VICTORY_POINTS_9710: "Bayonne"
 VICTORY_POINTS_11857: "Leskovac"
 VICTORY_POINTS_3614: "Pancevo"
 VICTORY_POINTS_914: "Gjirokastër"
 VICTORY_POINTS_1068: "Beni Suef"
 VICTORY_POINTS_4161: "El-Arīsh"
 VICTORY_POINTS_10099: "Sharm el-Sheikh"
 VICTORY_POINTS_12002: "Hurghada"
 VICTORY_POINTS_9989: "Sidi Barrani"
 VICTORY_POINTS_10061: "Marsa Matruh"
 VICTORY_POINTS_12071: "Luxor"
 VICTORY_POINTS_11974: "Asyut"
 VICTORY_POINTS_5064: "Kandahar"
 VICTORY_POINTS_12248: "Kunduz"
 VICTORY_POINTS_6701: "Makhachkala"
 VICTORY_POINTS_11674: "Ganja"
 VICTORY_POINTS_12441: "Gyumri"
 VICTORY_POINTS_1614: "Nukus"
 VICTORY_POINTS_7597: "Kzyl-Orda"
 VICTORY_POINTS_7341: "Aktobe"
 VICTORY_POINTS_1517: "Mangystau"
 VICTORY_POINTS_185: "Kuressaare"
 VICTORY_POINTS_6222: "Jelgava"
 VICTORY_POINTS_3255: "Jēkabpils"
 VICTORY_POINTS_222: "Rēzekne"
 VICTORY_POINTS_10493: "Valmiera"
 VICTORY_POINTS_3296: "Ventspils"
 VICTORY_POINTS_11312: "Marijampolė"
 VICTORY_POINTS_9357: "Ukmergė"
 VICTORY_POINTS_6229: "Panevėžys"
 VICTORY_POINTS_592: "Võru"
 VICTORY_POINTS_4640: "Narva"
 VICTORY_POINTS_11127: "Rakvere"
 VICTORY_POINTS_3174: "Pärnu"
 VICTORY_POINTS_422: "Kowel"
 VICTORY_POINTS_9494: "Zamość"
 VICTORY_POINTS_7588: "Charleston"
 VICTORY_POINTS_7717: "Darkhan" #Was moved from 1791 to 7717
 VICTORY_POINTS_7676: "Erdenet" #Was moved from 1834 to 7676
 VICTORY_POINTS_12557: "Choibalsan"
 VICTORY_POINTS_7843: "Ulaangom"
 VICTORY_POINTS_12612: "Sainshand"
 VICTORY_POINTS_6237: "Nottingham"
 VICTORY_POINTS_11279: "Leicester"
 VICTORY_POINTS_200: "Aberdeen"
 VICTORY_POINTS_3150: "Dundee"
 VICTORY_POINTS_9075: "Inverness"
 VICTORY_POINTS_6062: "Stornoway"
 VICTORY_POINTS_283: "Oban"
 VICTORY_POINTS_9303: "Galway"
 VICTORY_POINTS_285: "Wexford"
 VICTORY_POINTS_6313: "Limerick"
 VICTORY_POINTS_11371: "Sligo"
 VICTORY_POINTS_385: "Londonderry"
 VICTORY_POINTS_303: "Tullamore"
 VICTORY_POINTS_11218: "Dumfries"
 VICTORY_POINTS_11332: "Carlisle"
 VICTORY_POINTS_407: "Swansea"
 VICTORY_POINTS_311: "Wrexham"
 VICTORY_POINTS_3311: "Douglas"
 VICTORY_POINTS_2015: "Kashgar"
 VICTORY_POINTS_4973: "Hotan"
 VICTORY_POINTS_4823: "Altay"
 VICTORY_POINTS_4800: "Oyrot-Tura" #(Was Gorno-Altaysk), which it was historically changed to in 1948
 VICTORY_POINTS_7835: "Ulan Ude"
 VICTORY_POINTS_12644: "Barguzin"
 VICTORY_POINTS_13063: "Anadyr"
 VICTORY_POINTS_4705: "Chita"
 VICTORY_POINTS_4859: "Dudinka"
 VICTORY_POINTS_1684: "Salekhard"
 VICTORY_POINTS_1659: "Khanty-Mansysk"
 VICTORY_POINTS_105: "Naryan Mar"
 VICTORY_POINTS_108: "Syktyvkar"
 VICTORY_POINTS_11617: "Sukhumi"
 VICTORY_POINTS_11614: "Nalchik"
 VICTORY_POINTS_11523: "Engels"
 VICTORY_POINTS_9432: "Marksshtadt"
 VICTORY_POINTS_10488: "Kokand"
 VICTORY_POINTS_1573: "Bukhara"
 VICTORY_POINTS_10671: "Samarkand"
 VICTORY_POINTS_12465: "Khiva"
 VICTORY_POINTS_1554: "Navoi" #Navoiy in Uzbek
 VICTORY_POINTS_1493: "Tashauz"
 VICTORY_POINTS_6278: "Izhevsk"
 VICTORY_POINTS_9259: "Cheboksary"
 VICTORY_POINTS_9402: "Yoshkar-Ola"
 VICTORY_POINTS_3757: "Balta"
 VICTORY_POINTS_741: "Tiraspol"
 VICTORY_POINTS_12941: "Kismaayo"
 VICTORY_POINTS_2072: "Macalle"
 VICTORY_POINTS_13237: "Axum"
 VICTORY_POINTS_13238: "Aduá"
 VICTORY_POINTS_8036: "Asella"
 VICTORY_POINTS_5097: "Dessie"
 VICTORY_POINTS_13242: "Debre Markos"
 VICTORY_POINTS_13243: "Saio"
 VICTORY_POINTS_2009: "Asosa"
 VICTORY_POINTS_7912: "Jiren"
 VICTORY_POINTS_13244: "Gambela"
 VICTORY_POINTS_13246: "Irgalem"
 VICTORY_POINTS_8019: "Yabello"
 VICTORY_POINTS_13247: "Moyale"
 VICTORY_POINTS_10775: "Gaba"
 VICTORY_POINTS_13249: "Harar"
 VICTORY_POINTS_12812: "Wal Wal"
 VICTORY_POINTS_9784: "Bari"
 VICTORY_POINTS_11998: "Brindisi"
 VICTORY_POINTS_9990: "Régio da Calábria"
 VICTORY_POINTS_883: "Foggia"
 VICTORY_POINTS_9598: "Trento"
 VICTORY_POINTS_3604: "Pádua"
 VICTORY_POINTS_603: "Verona"
 VICTORY_POINTS_13250: "Asmara"
 VICTORY_POINTS_12723: "Biscia"
 VICTORY_POINTS_665: "Maribor"
 VICTORY_POINTS_773: "Bréscia"
 VICTORY_POINTS_6793: "Ferrara"
 VICTORY_POINTS_9752: "Parma"
 VICTORY_POINTS_4014: "Catânia"
 VICTORY_POINTS_3943: "Zadar"
 VICTORY_POINTS_3943_ITA: "Zara"
 VICTORY_POINTS_9821: "Kotor"
 VICTORY_POINTS_6889: "Dubrovnik"
 VICTORY_POINTS_12683: "Magadan"
 VICTORY_POINTS_13204: "Lavrentiya"
 VICTORY_POINTS_12549: "Verkhoyansk"
 VICTORY_POINTS_6085: "Udachny"
 VICTORY_POINTS_1819: "Srednekolymsk"
 VICTORY_POINTS_138: "Kargopol"
 VICTORY_POINTS_11061: "Kotlas"
 VICTORY_POINTS_7708: "Pavlodar"
 VICTORY_POINTS_13255: "Durrës"
 VICTORY_POINTS_13256: "Siracusa"
 VICTORY_POINTS_13240: "Aussa"
 VICTORY_POINTS_12100: "Melilla"
 VICTORY_POINTS_12087: "Tétouan"
 VICTORY_POINTS_10580: "Abakan"
 VICTORY_POINTS_6946: "Lucca"
 VICTORY_POINTS_9772: "Sassari"
 VICTORY_POINTS_9780: "Shkodër"
 VICTORY_POINTS_6900: "Korçë"
 VICTORY_POINTS_6680: "Liechtenstein"
 VICTORY_POINTS_317: "Flensburgo"
 VICTORY_POINTS_6235: "Aalborg"
 VICTORY_POINTS_3277: "Kolding"
 VICTORY_POINTS_399: "Esbjerg"
 VICTORY_POINTS_3206: "Viborg"
 VICTORY_POINTS_13258: "Sønderborg"
 VICTORY_POINTS_6393: "Roskilde"
 VICTORY_POINTS_9329: "Jönköping"
 VICTORY_POINTS_299: "Kalmar"
 VICTORY_POINTS_211: "Borgholm"
 VICTORY_POINTS_408: "Visby"
 VICTORY_POINTS_9393: "Linköping"
 VICTORY_POINTS_6310: "Uddevalla"
 VICTORY_POINTS_11091: "Gävle"
 VICTORY_POINTS_130: "Sundsvall"
 VICTORY_POINTS_11148: "Östersund"
 VICTORY_POINTS_6132: "Umea"
 VICTORY_POINTS_3095: "Kiruna"
 VICTORY_POINTS_9126: "Bodø"
 VICTORY_POINTS_3048: "Mo i Rana"
 VICTORY_POINTS_6151: "Skien"
 VICTORY_POINTS_11151: "Fredrikstad"
 VICTORY_POINTS_3136: "Elverum"
 VICTORY_POINTS_284: "Oban"
 VICTORY_POINTS_3117: "Pori"
 VICTORY_POINTS_3117_SWE: "Björneborg"
 VICTORY_POINTS_169: "Rauma"
 VICTORY_POINTS_169_SWE: "Rauma"
 VICTORY_POINTS_6009: "Porvoo"
 VICTORY_POINTS_6009_SWE: "Borgå"
 VICTORY_POINTS_11211: "Hanko"
 VICTORY_POINTS_11211_SWE: "Hanko"
 VICTORY_POINTS_158: "Oulu"
 VICTORY_POINTS_158_SWE: "Uleåborg"
 VICTORY_POINTS_3073: "Suomussalmi"
 VICTORY_POINTS_165: "Mikkeli"
 VICTORY_POINTS_165_SWE: "St. Michel"
 VICTORY_POINTS_37: "Savonlinna"
 VICTORY_POINTS_37_SWE: "Nyslott"
 VICTORY_POINTS_66: "Kokkola"
 VICTORY_POINTS_66_SWE: "Karleby"
 VICTORY_POINTS_6013: "Seinäjoki"
 VICTORY_POINTS_6013_SWE: "Östermyra"
 VICTORY_POINTS_6141: "Jyväskylä"
 VICTORY_POINTS_11141: "Kuopio"
 VICTORY_POINTS_136: "Varkaus"
 VICTORY_POINTS_9061: "Joensuu"
 VICTORY_POINTS_3125: "Kajaani"
 VICTORY_POINTS_3125_SWE: "Kajana"
 VICTORY_POINTS_67: "Lahti"
 VICTORY_POINTS_67_SWE: "Lahtis"
 VICTORY_POINTS_9167: "Hämeenlinna"
 VICTORY_POINTS_9167_SWE: "Tavastehus"
 VICTORY_POINTS_9228: "Mariehamn"
 VICTORY_POINTS_11164: "Kemi"
 VICTORY_POINTS_6087: "Rovaniemi"
 VICTORY_POINTS_9140: "Petsamo"
 VICTORY_POINTS_3061: "Kotka"
 VICTORY_POINTS_9183: "Kouvola"
 VICTORY_POINTS_6082: "Lappeenranta"
 VICTORY_POINTS_6082_SWE: "Villmanstrand"
 VICTORY_POINTS_11155: "Gällivare"
 VICTORY_POINTS_109: "Vilhelmina"
 VICTORY_POINTS_6098: "Repola"
 VICTORY_POINTS_3067: "Uhtua"
 VICTORY_POINTS_2998: "Porosozero"
 VICTORY_POINTS_11125: "Tornio"
 VICTORY_POINTS_11125_SWE: "Torneå"
 VICTORY_POINTS_6142: "Inari"
 VICTORY_POINTS_6142_SWE: "Enare"
 VICTORY_POINTS_12512: "Nuuk"
 VICTORY_POINTS_13003: "Tórshavn"
 VICTORY_POINTS_10933: "Natal"
 VICTORY_POINTS_5153: "Teresina"
 VICTORY_POINTS_13086: "Tacna"
 VICTORY_POINTS_13288: "Mollendo"
 VICTORY_POINTS_13286: "Puno"
 VICTORY_POINTS_13289: "Iquitos"
 VICTORY_POINTS_5120: "Machala"
 VICTORY_POINTS_5023: "Puerto Ayora"
 VICTORY_POINTS_12960: "Porto Stanley"
 VICTORY_POINTS_2156: "Piúra"
 VICTORY_POINTS_10970: "Yurimaguas"
 VICTORY_POINTS_2226: "Pucallpa"
 VICTORY_POINTS_5166: "Cusco"
 VICTORY_POINTS_8191: "Puerto Maldonado"
 VICTORY_POINTS_2160: "Santa Cruz de la Sierra"
 VICTORY_POINTS_12901: "Ciudad del Este"
 VICTORY_POINTS_2195: "Filadélfia"
 VICTORY_POINTS_13294: "Hanga Roa"
 VICTORY_POINTS_10934: "Manaus"
 VICTORY_POINTS_13278: "Rio Branco"
 VICTORY_POINTS_4980: "Macapá"
 VICTORY_POINTS_5214: "Boa Vista"
 VICTORY_POINTS_12933: "São Luís"
 VICTORY_POINTS_5151: "Palmas"
 VICTORY_POINTS_12939: "Porto Velho"
 VICTORY_POINTS_2111: "Cuiabá"
 VICTORY_POINTS_12951: "Campo Grande"
 VICTORY_POINTS_8181: "Curitiba"
 VICTORY_POINTS_4548: "Florianópolis"
 VICTORY_POINTS_10405: "Joinville"
 VICTORY_POINTS_12987: "Goiânia"
 VICTORY_POINTS_5215: "Punta Arenas"
 VICTORY_POINTS_5201: "Punta Delgada"
 VICTORY_POINTS_2161: "Coihaique"
 VICTORY_POINTS_5169: "Puerto Montt"
 VICTORY_POINTS_5131: "Arica"
 VICTORY_POINTS_8194: "Coquimbo"
 VICTORY_POINTS_8222: "Valparaíso"
 VICTORY_POINTS_12984: "Concepción"
 VICTORY_POINTS_5121: "Temuco"
 VICTORY_POINTS_8251: "Chillán"
 VICTORY_POINTS_8217: "Iquique"
 VICTORY_POINTS_5228: "Copiapó"
 VICTORY_POINTS_13300: "Ushuaia"
 VICTORY_POINTS_12922: "Formosa"
 VICTORY_POINTS_11007: "Posadas"
 VICTORY_POINTS_12964: "Corrientes"
 VICTORY_POINTS_1449: "Paraná"
 VICTORY_POINTS_5163: "Santa Fe de la Vera Cruz"
 VICTORY_POINTS_2106: "Resistência"
 VICTORY_POINTS_13309: "Catamarca"
 VICTORY_POINTS_2224: "San Salvador de Jujuy"
 VICTORY_POINTS_11001: "Salta"
 VICTORY_POINTS_2136: "San Juan"
 VICTORY_POINTS_12978: "La Rioja"
 VICTORY_POINTS_10964: "Mendoza"
 VICTORY_POINTS_12306: "Neuquén"
 VICTORY_POINTS_12321: "Viedma"
 VICTORY_POINTS_5173: "Rio Gallegos"
 VICTORY_POINTS_10953: "Rawson"
 VICTORY_POINTS_13307: "Puerto Madryn"
 VICTORY_POINTS_8161: "Trevelin"
 VICTORY_POINTS_13313: "Manama"
 VICTORY_POINTS_5037: "Meca"
 VICTORY_POINTS_12702: "Damã"
 VICTORY_POINTS_12930: "Sucre"
 VICTORY_POINTS_12505: "São João da Terra Nova"
 VICTORY_POINTS_4285: "Moncton"
 VICTORY_POINTS_4739: "Saskatoon"
 VICTORY_POINTS_7259: "Victoria"
 VICTORY_POINTS_7899: "Thunder Bay"
 VICTORY_POINTS_2075: "Bluefields"
 VICTORY_POINTS_2173: "Fortaleza de Humaitá"
